instance,response,bagID,1,8,-0.138,5,1,8,-0.138
0,1,1,1,8,-0.138,5,1,8,-0.138
1,1,1,1,8,-0.138,5,1,8,-0.138
2,1,1,1,8,-0.138,5,1,10,-0.048
3,1,1,1,10,-0.048,5,1,8,-0.138
4,1,1,1,10,-0.048,5,1,10,0.092
5,1,1,1,10,0.092,5,1,10,-0.048
6,1,1,1,10,0.092,5,1,8,-0.138
7,1,1,1,8,-0.138,5,1,10,0.092
8,1,1,1,8,-0.138,5,1,8,-0.138
9,1,1,1,8,-0.138,5,1,8,-0.138
10,1,1,1,8,-0.138,5,1,8,-0.138
11,1,1,1,8,-0.138,5,1,8,-0.138
12,1,1,1,10,-0.048,5,6,16,-0.367
13,1,1,6,16,-0.367,5,1,10,-0.048
14,1,1,6,16,-0.367,5,1,7,0.162
15,1,1,1,7,0.162,5,6,16,-0.367
16,1,1,1,10,0.092,5,1,7,-0.108
17,1,1,1,7,-0.108,5,1,10,0.092
18,1,1,1,7,-0.108,5,1,7,0.162
19,1,1,1,7,0.162,5,1,7,-0.108
20,1,1,1,8,-0.138,0,6,19,0.793
21,1,1,6,19,0.793,0,1,8,-0.138
22,1,1,6,19,0.793,1,7,20,-0.407
23,1,1,7,20,-0.407,1,6,19,0.793
24,1,1,6,19,0.793,1,7,20,-0.407
25,1,1,7,20,-0.407,1,6,19,0.793
26,1,1,6,16,-0.367,0,4,0,0.292
27,1,1,4,0,0.292,0,6,16,-0.367
28,1,1,1,8,-0.138,0,4,1,0.122
29,1,1,4,1,0.122,0,1,8,-0.138
30,1,1,1,8,-0.138,0,4,1,0.122
31,1,1,4,1,0.122,0,1,8,-0.138
32,1,1,1,8,-0.138,0,4,1,0.092
33,1,1,4,1,0.092,0,1,8,-0.138
34,1,1,1,7,0.162,0,4,1,0.122
35,1,1,4,1,0.122,0,1,7,0.162
36,1,1,1,7,-0.108,0,4,1,0.092
37,1,1,4,1,0.092,0,1,7,-0.108
38,1,2,1,8,-0.133,5,1,8,-0.133
39,1,2,1,8,-0.133,5,1,8,-0.133
40,1,2,1,8,-0.133,5,1,11,-0.002
41,1,2,1,11,-0.002,5,1,8,-0.133
42,1,2,1,11,-0.002,5,1,11,-0.102
43,1,2,1,11,-0.102,5,1,11,-0.002
44,1,2,1,11,-0.102,5,1,11,-0.002
45,1,2,1,11,-0.002,5,1,11,-0.102
46,1,2,1,11,-0.002,5,1,8,-0.133
47,1,2,1,8,-0.133,5,1,11,-0.002
48,1,2,1,8,-0.133,5,1,8,-0.133
49,1,2,1,8,-0.133,5,1,8,-0.133
50,1,2,1,11,-0.102,5,1,11,-0.102
51,1,2,1,11,-0.102,5,1,11,-0.102
52,1,2,1,11,-0.102,5,1,11,-0.002
53,1,2,1,11,-0.002,5,1,11,-0.102
54,1,2,1,11,-0.002,5,1,8,-0.133
55,1,2,1,8,-0.133,5,1,11,-0.002
56,1,2,1,8,-0.133,5,1,8,-0.133
57,1,2,1,8,-0.133,5,1,8,-0.133
58,1,2,1,8,-0.133,5,1,11,-0.002
59,1,2,1,11,-0.002,5,1,8,-0.133
60,1,2,1,11,-0.102,5,1,10,0.098
61,1,2,1,10,0.098,5,1,11,-0.102
62,1,2,1,10,0.098,5,1,10,0.098
63,1,2,1,10,0.098,5,1,10,0.098
64,1,2,1,10,0.098,5,1,8,-0.133
65,1,2,1,8,-0.133,5,1,10,0.098
66,1,2,1,8,-0.133,5,1,8,-0.133
67,1,2,1,8,-0.133,5,1,8,-0.133
68,1,2,1,8,-0.133,5,1,11,-0.002
69,1,2,1,11,-0.002,5,1,8,-0.133
70,1,2,1,11,-0.002,5,1,8,-0.132
71,1,2,1,8,-0.132,5,1,11,-0.002
72,1,2,1,8,-0.132,5,1,10,0.098
73,1,2,1,10,0.098,5,1,8,-0.132
74,1,2,1,10,0.098,5,1,10,0.098
75,1,2,1,10,0.098,5,1,10,0.098
76,1,2,1,10,0.098,5,1,7,-0.102
77,1,2,1,7,-0.102,5,1,10,0.098
78,1,2,1,10,0.098,5,1,7,-0.002
79,1,2,1,7,-0.002,5,1,10,0.098
80,1,2,1,7,-0.002,5,1,7,-0.102
81,1,2,1,7,-0.102,5,1,7,-0.002
82,1,2,1,8,-0.133,0,4,1,0.128
83,1,2,4,1,0.128,0,1,8,-0.133
84,1,2,1,8,-0.133,0,4,1,0.128
85,1,2,4,1,0.128,0,1,8,-0.133
86,1,2,1,8,-0.133,0,4,1,0.128
87,1,2,4,1,0.128,0,1,8,-0.133
88,1,2,1,8,-0.133,0,4,1,0.128
89,1,2,4,1,0.128,0,1,8,-0.133
90,1,2,1,8,-0.133,0,4,1,0.128
91,1,2,4,1,0.128,0,1,8,-0.133
92,1,2,1,8,-0.133,0,4,1,0.098
93,1,2,4,1,0.098,0,1,8,-0.133
94,1,2,1,8,-0.133,0,4,1,0.128
95,1,2,4,1,0.128,0,1,8,-0.133
96,1,2,1,8,-0.132,0,4,1,0.128
97,1,2,4,1,0.128,0,1,8,-0.132
98,1,2,1,7,-0.102,0,4,1,0.098
99,1,2,4,1,0.098,0,1,7,-0.102
100,1,2,1,7,-0.002,0,6,19,0.797
101,1,2,6,19,0.797,0,1,7,-0.002
102,1,2,6,19,0.797,1,7,20,-0.403
103,1,2,7,20,-0.403,1,6,19,0.797
104,1,2,6,19,0.797,1,7,20,-0.403
105,1,2,7,20,-0.403,1,6,19,0.797
106,1,3,1,8,-0.132,5,1,8,-0.132
107,1,3,1,8,-0.132,5,1,8,-0.132
108,1,3,1,8,-0.132,5,1,8,-0.132
109,1,3,1,8,-0.132,5,1,8,-0.132
110,1,3,1,8,-0.132,5,1,8,0.198
111,1,3,1,8,0.198,5,1,8,-0.132
112,1,3,1,8,0.198,5,1,8,0.198
113,1,3,1,8,0.198,5,1,8,0.198
114,1,3,1,8,0.198,5,1,8,-0.132
115,1,3,1,8,-0.132,5,1,8,0.198
116,1,3,1,8,-0.132,5,1,8,-0.132
117,1,3,1,8,-0.132,5,1,8,-0.132
118,1,3,1,8,-0.132,0,4,1,0.128
119,1,3,4,1,0.128,0,1,8,-0.132
120,1,3,1,8,-0.132,0,4,1,0.128
121,1,3,4,1,0.128,0,1,8,-0.132
122,1,3,1,8,-0.132,0,4,1,0.128
123,1,3,4,1,0.128,0,1,8,-0.132
124,1,3,1,8,0.198,0,6,15,-0.781
125,1,3,6,15,-0.781,0,1,8,0.198
126,1,3,1,8,-0.132,0,6,19,0.799
127,1,3,6,19,0.799,0,1,8,-0.132
128,1,3,6,15,-0.781,0,4,0,0.328
129,1,3,4,0,0.328,0,6,15,-0.781
130,1,3,6,15,-0.781,0,4,0,0.328
131,1,3,4,0,0.328,0,6,15,-0.781
132,1,3,6,19,0.799,1,7,20,-0.401
133,1,3,7,20,-0.401,1,6,19,0.799
134,1,3,6,19,0.799,1,7,20,-0.401
135,1,3,7,20,-0.401,1,6,19,0.799
136,1,3,1,8,0.198,0,6,15,-0.781
137,1,3,6,15,-0.781,0,1,8,0.198
138,1,3,6,15,-0.781,0,4,0,0.329
139,1,3,4,0,0.329,0,6,15,-0.781
140,1,3,6,15,-0.781,0,4,0,0.328
141,1,3,4,0,0.328,0,6,15,-0.781
142,1,4,1,8,-0.086,5,1,8,-0.086
143,1,4,1,8,-0.086,5,1,8,-0.086
144,1,4,1,8,-0.086,5,1,10,-0.056
145,1,4,1,10,-0.056,5,1,8,-0.086
146,1,4,1,10,-0.056,5,1,10,-0.056
147,1,4,1,10,-0.056,5,1,10,-0.056
148,1,4,1,10,-0.056,5,1,8,-0.086
149,1,4,1,8,-0.086,5,1,10,-0.056
150,1,4,1,8,-0.086,5,1,8,-0.086
151,1,4,1,8,-0.086,5,1,8,-0.086
152,1,4,1,8,-0.086,5,1,8,-0.086
153,1,4,1,8,-0.086,5,1,8,-0.086
154,1,4,1,10,-0.056,5,6,16,-0.496
155,1,4,6,16,-0.496,5,1,10,-0.056
156,1,4,6,16,-0.496,5,1,7,0.044
157,1,4,1,7,0.044,5,6,16,-0.496
158,1,4,1,10,-0.056,5,6,16,-0.496
159,1,4,6,16,-0.496,5,1,10,-0.056
160,1,4,6,16,-0.496,5,1,7,0.044
161,1,4,1,7,0.044,5,6,16,-0.496
162,1,4,6,16,-0.496,0,1,3,0.294
163,1,4,1,3,0.294,0,6,16,-0.496
164,1,4,1,7,0.044,0,6,19,0.844
165,1,4,6,19,0.844,0,1,7,0.044
166,1,4,6,19,0.844,1,7,20,-0.356
167,1,4,7,20,-0.356,1,6,19,0.844
168,1,4,6,19,0.844,1,7,20,-0.356
169,1,4,7,20,-0.356,1,6,19,0.844
170,1,4,1,8,-0.086,0,4,1,0.174
171,1,4,4,1,0.174,0,1,8,-0.086
172,1,4,1,8,-0.086,0,4,1,0.174
173,1,4,4,1,0.174,0,1,8,-0.086
174,1,4,1,8,-0.086,0,4,1,0.174
175,1,4,4,1,0.174,0,1,8,-0.086
176,1,4,1,8,-0.086,0,4,1,0.174
177,1,4,4,1,0.174,0,1,8,-0.086
178,1,4,1,3,0.294,0,4,1,0.094
179,1,4,4,1,0.094,0,1,3,0.294
180,1,4,1,3,0.294,0,4,1,0.094
181,1,4,4,1,0.094,0,1,3,0.294
182,1,4,1,3,0.294,0,4,1,0.094
183,1,4,4,1,0.094,0,1,3,0.294
184,1,5,1,8,-0.114,5,1,8,-0.114
185,1,5,1,8,-0.114,5,1,8,-0.114
186,1,5,1,8,-0.114,5,1,11,0.016
187,1,5,1,11,0.016,5,1,8,-0.114
188,1,5,1,11,0.016,5,1,11,-0.084
189,1,5,1,11,-0.084,5,1,11,0.016
190,1,5,1,11,-0.084,5,1,8,-0.114
191,1,5,1,8,-0.114,5,1,11,-0.084
192,1,5,1,8,-0.114,5,1,8,-0.114
193,1,5,1,8,-0.114,5,1,8,-0.114
194,1,5,1,8,-0.114,5,1,8,-0.114
195,1,5,1,8,-0.114,5,1,8,-0.114
196,1,5,1,8,-0.114,0,4,1,0.145
197,1,5,4,1,0.145,0,1,8,-0.114
198,1,5,1,8,-0.114,0,4,1,0.145
199,1,5,4,1,0.145,0,1,8,-0.114
200,1,5,1,8,-0.114,0,4,1,0.145
201,1,5,4,1,0.145,0,1,8,-0.114
202,1,5,1,8,-0.114,0,4,1,0.145
203,1,5,4,1,0.145,0,1,8,-0.114
204,1,5,1,11,0.016,5,1,8,-0.114
205,1,5,1,8,-0.114,5,1,11,0.016
206,1,5,1,8,-0.114,5,1,11,0.016
207,1,5,1,11,0.016,5,1,8,-0.114
208,1,5,1,11,0.016,5,1,34,-0.084
209,1,5,1,34,-0.084,5,1,11,0.016
210,1,5,1,34,-0.084,5,1,34,-0.084
211,1,5,1,34,-0.084,5,1,34,-0.084
212,1,5,1,34,-0.084,5,1,11,-0.084
213,1,5,1,11,-0.084,5,1,34,-0.084
214,1,5,1,11,0.016,5,1,8,-0.114
215,1,5,1,8,-0.114,5,1,11,0.016
216,1,5,1,8,-0.114,5,1,8,-0.114
217,1,5,1,8,-0.114,5,1,8,-0.114
218,1,5,1,8,-0.114,5,1,11,0.016
219,1,5,1,11,0.016,5,1,8,-0.114
220,1,5,1,11,0.016,5,1,11,-0.084
221,1,5,1,11,-0.084,5,1,11,0.016
222,1,5,1,11,-0.084,5,1,34,-0.084
223,1,5,1,34,-0.084,5,1,11,-0.084
224,1,5,1,8,-0.114,0,4,1,0.145
225,1,5,4,1,0.145,0,1,8,-0.114
226,1,5,1,8,-0.114,0,4,1,0.145
227,1,5,4,1,0.145,0,1,8,-0.114
228,1,5,1,11,-0.084,5,1,11,0.016
229,1,5,1,11,0.016,5,1,11,-0.084
230,1,5,1,11,0.016,5,1,8,-0.114
231,1,5,1,8,-0.114,5,1,11,0.016
232,1,5,1,8,-0.114,5,1,8,-0.114
233,1,5,1,8,-0.114,5,1,8,-0.114
234,1,5,1,8,-0.114,5,1,34,-0.084
235,1,5,1,34,-0.084,5,1,8,-0.114
236,1,5,1,8,-0.114,0,4,1,0.145
237,1,5,4,1,0.145,0,1,8,-0.114
238,1,5,1,8,-0.114,0,4,1,0.145
239,1,5,4,1,0.145,0,1,8,-0.114
240,1,5,1,11,0.016,5,1,8,-0.114
241,1,5,1,8,-0.114,5,1,11,0.016
242,1,5,1,8,-0.114,5,1,8,-0.114
243,1,5,1,8,-0.114,5,1,8,-0.114
244,1,5,1,8,-0.114,5,1,8,-0.114
245,1,5,1,8,-0.114,5,1,8,-0.114
246,1,5,1,8,-0.114,5,1,11,0.016
247,1,5,1,11,0.016,5,1,8,-0.114
248,1,5,1,8,-0.114,0,4,1,0.145
249,1,5,4,1,0.145,0,1,8,-0.114
250,1,5,1,8,-0.114,0,4,1,0.145
251,1,5,4,1,0.145,0,1,8,-0.114
252,1,5,1,8,-0.114,0,4,1,0.145
253,1,5,4,1,0.145,0,1,8,-0.114
254,1,5,1,8,-0.114,0,6,19,0.815
255,1,5,6,19,0.815,0,1,8,-0.114
256,1,5,6,19,0.815,1,7,20,-0.385
257,1,5,7,20,-0.385,1,6,19,0.815
258,1,5,6,19,0.815,1,7,20,-0.385
259,1,5,7,20,-0.385,1,6,19,0.815
260,1,6,1,8,-0.115,5,1,8,-0.115
261,1,6,1,8,-0.115,5,1,8,-0.115
262,1,6,1,8,-0.115,5,1,11,0.015
263,1,6,1,11,0.015,5,1,8,-0.115
264,1,6,1,11,0.015,5,1,11,-0.085
265,1,6,1,11,-0.085,5,1,11,0.015
266,1,6,1,11,-0.085,5,1,8,-0.115
267,1,6,1,8,-0.115,5,1,11,-0.085
268,1,6,1,8,-0.115,5,1,8,-0.115
269,1,6,1,8,-0.115,5,1,8,-0.115
270,1,6,1,8,-0.115,5,1,8,-0.115
271,1,6,1,8,-0.115,5,1,8,-0.115
272,1,6,1,11,0.015,5,1,8,-0.115
273,1,6,1,8,-0.115,5,1,11,0.015
274,1,6,1,8,-0.115,5,1,8,0.015
275,1,6,1,8,0.015,5,1,8,-0.115
276,1,6,1,8,0.015,5,1,34,-0.085
277,1,6,1,34,-0.085,5,1,8,0.015
278,1,6,1,34,-0.085,5,1,34,-0.085
279,1,6,1,34,-0.085,5,1,34,-0.085
280,1,6,1,34,-0.085,5,1,11,-0.085
281,1,6,1,11,-0.085,5,1,34,-0.085
282,1,6,1,8,0.015,0,1,3,-0.085
283,1,6,1,3,-0.085,0,1,8,0.015
284,1,6,1,3,-0.085,0,1,3,-0.085
285,1,6,1,3,-0.085,0,1,3,-0.085
286,1,6,1,3,-0.085,0,1,8,0.015
287,1,6,1,8,0.015,0,1,3,-0.085
288,1,6,1,8,0.015,5,1,11,-0.085
289,1,6,1,11,-0.085,5,1,8,0.015
290,1,6,1,11,-0.085,5,1,34,-0.085
291,1,6,1,34,-0.085,5,1,11,-0.085
292,1,6,1,11,-0.085,5,1,11,0.015
293,1,6,1,11,0.015,5,1,11,-0.085
294,1,6,1,11,0.015,5,1,8,-0.115
295,1,6,1,8,-0.115,5,1,11,0.015
296,1,6,1,8,-0.115,5,1,8,-0.115
297,1,6,1,8,-0.115,5,1,8,-0.115
298,1,6,1,8,-0.115,5,1,34,-0.085
299,1,6,1,34,-0.085,5,1,8,-0.115
300,1,6,1,8,0.015,5,1,8,-0.115
301,1,6,1,8,-0.115,5,1,8,0.015
302,1,6,1,8,-0.115,5,1,8,-0.115
303,1,6,1,8,-0.115,5,1,8,-0.115
304,1,6,1,8,-0.115,5,1,8,-0.115
305,1,6,1,8,-0.115,5,1,8,-0.115
306,1,6,1,8,-0.115,5,1,11,0.015
307,1,6,1,11,0.015,5,1,8,-0.115
308,1,6,1,8,-0.115,0,6,19,0.814
309,1,6,6,19,0.814,0,1,8,-0.115
310,1,6,6,19,0.814,1,7,20,-0.386
311,1,6,7,20,-0.386,1,6,19,0.814
312,1,6,6,19,0.814,1,7,20,-0.386
313,1,6,7,20,-0.386,1,6,19,0.814
314,1,6,1,8,-0.115,0,4,1,0.144
315,1,6,4,1,0.144,0,1,8,-0.115
316,1,6,1,8,-0.115,0,4,1,0.144
317,1,6,4,1,0.144,0,1,8,-0.115
318,1,6,1,8,-0.115,0,4,1,0.144
319,1,6,4,1,0.144,0,1,8,-0.115
320,1,6,1,8,-0.115,0,4,1,0.144
321,1,6,4,1,0.144,0,1,8,-0.115
322,1,6,1,8,-0.115,0,4,1,0.144
323,1,6,4,1,0.144,0,1,8,-0.115
324,1,6,1,8,-0.115,0,4,1,0.145
325,1,6,4,1,0.145,0,1,8,-0.115
326,1,6,1,8,-0.115,0,4,1,0.145
327,1,6,4,1,0.145,0,1,8,-0.115
328,1,6,1,8,-0.115,0,4,1,0.144
329,1,6,4,1,0.144,0,1,8,-0.115
330,1,6,1,8,-0.115,0,4,1,0.144
331,1,6,4,1,0.144,0,1,8,-0.115
332,1,6,1,3,-0.085,0,4,1,0.065
333,1,6,4,1,0.065,0,1,3,-0.085
334,1,6,1,3,-0.085,0,4,1,0.065
335,1,6,4,1,0.065,0,1,3,-0.085
336,1,6,1,3,-0.085,0,4,1,0.065
337,1,6,4,1,0.065,0,1,3,-0.085
338,1,6,1,3,-0.085,0,4,1,0.065
339,1,6,4,1,0.065,0,1,3,-0.085
340,1,7,1,8,-0.12,5,1,8,-0.12
341,1,7,1,8,-0.12,5,1,8,-0.12
342,1,7,1,8,-0.12,5,1,13,0.01
343,1,7,1,13,0.01,5,1,8,-0.12
344,1,7,1,13,0.01,5,1,11,-0.09
345,1,7,1,11,-0.09,5,1,13,0.01
346,1,7,1,11,-0.09,5,1,11,0.01
347,1,7,1,11,0.01,5,1,11,-0.09
348,1,7,1,11,0.01,5,1,8,-0.12
349,1,7,1,8,-0.12,5,1,11,0.01
350,1,7,1,8,-0.12,5,1,8,-0.12
351,1,7,1,8,-0.12,5,1,8,-0.12
352,1,7,1,8,-0.12,0,4,1,0.139
353,1,7,4,1,0.139,0,1,8,-0.12
354,1,7,1,8,-0.12,0,4,1,0.139
355,1,7,4,1,0.139,0,1,8,-0.12
356,1,7,1,8,-0.12,0,4,1,0.139
357,1,7,4,1,0.139,0,1,8,-0.12
358,1,7,1,11,-0.09,5,1,13,0.01
359,1,7,1,13,0.01,5,1,11,-0.09
360,1,7,1,13,0.01,5,1,8,-0.12
361,1,7,1,8,-0.12,5,1,13,0.01
362,1,7,1,8,-0.12,5,1,8,-0.12
363,1,7,1,8,-0.12,5,1,8,-0.12
364,1,7,1,8,-0.12,5,1,8,-0.12
365,1,7,1,8,-0.12,5,1,8,-0.12
366,1,7,1,8,-0.12,5,1,11,0.01
367,1,7,1,11,0.01,5,1,8,-0.12
368,1,7,1,8,-0.12,0,4,1,0.14
369,1,7,4,1,0.14,0,1,8,-0.12
370,1,7,1,8,-0.12,0,4,1,0.139
371,1,7,4,1,0.139,0,1,8,-0.12
372,1,7,1,8,-0.12,0,4,1,0.139
373,1,7,4,1,0.139,0,1,8,-0.12
374,1,7,1,13,0.01,0,1,13,0.01
375,1,7,1,13,0.01,0,1,13,0.01
376,1,7,1,13,0.01,5,1,11,-0.09
377,1,7,1,11,-0.09,5,1,13,0.01
378,1,7,1,11,-0.09,5,1,13,0.01
379,1,7,1,13,0.01,5,1,11,-0.09
380,1,7,1,13,0.01,0,1,13,0.01
381,1,7,1,13,0.01,0,1,13,0.01
382,1,7,1,11,-0.09,5,1,11,0.01
383,1,7,1,11,0.01,5,1,11,-0.09
384,1,7,1,11,0.01,5,1,8,-0.12
385,1,7,1,8,-0.12,5,1,11,0.01
386,1,7,1,8,-0.12,5,1,8,-0.12
387,1,7,1,8,-0.12,5,1,8,-0.12
388,1,7,1,8,-0.12,5,1,8,-0.12
389,1,7,1,8,-0.12,5,1,8,-0.12
390,1,7,1,8,-0.12,5,1,13,0.01
391,1,7,1,13,0.01,5,1,8,-0.12
392,1,7,1,8,-0.12,0,4,1,0.14
393,1,7,4,1,0.14,0,1,8,-0.12
394,1,7,1,8,-0.12,0,4,1,0.14
395,1,7,4,1,0.14,0,1,8,-0.12
396,1,7,1,8,-0.12,0,4,1,0.139
397,1,7,4,1,0.139,0,1,8,-0.12
398,1,7,1,13,0.01,5,1,8,-0.12
399,1,7,1,8,-0.12,5,1,13,0.01
400,1,7,1,8,-0.12,5,1,8,-0.12
401,1,7,1,8,-0.12,5,1,8,-0.12
402,1,7,1,8,-0.12,5,1,8,-0.12
403,1,7,1,8,-0.12,5,1,8,-0.12
404,1,7,1,8,-0.12,5,1,11,0.01
405,1,7,1,11,0.01,5,1,8,-0.12
406,1,7,1,8,-0.12,0,4,1,0.14
407,1,7,4,1,0.14,0,1,8,-0.12
408,1,7,1,8,-0.12,0,4,1,0.139
409,1,7,4,1,0.139,0,1,8,-0.12
410,1,7,1,8,-0.12,0,6,19,0.809
411,1,7,6,19,0.809,0,1,8,-0.12
412,1,7,6,19,0.809,1,7,20,-0.391
413,1,7,7,20,-0.391,1,6,19,0.809
414,1,7,6,19,0.809,1,7,20,-0.391
415,1,7,7,20,-0.391,1,6,19,0.809
416,1,8,1,7,0.187,5,1,7,-0.143
417,1,8,1,7,-0.143,5,1,7,0.187
418,1,8,1,7,-0.143,5,1,7,-0.143
419,1,8,1,7,-0.143,5,1,7,-0.143
420,1,8,1,7,-0.143,5,1,7,-0.013
421,1,8,1,7,-0.013,5,1,7,-0.143
422,1,8,1,7,-0.013,5,7,27,-0.043
423,1,8,7,27,-0.043,5,1,7,-0.013
424,1,8,7,27,-0.043,5,1,7,0.187
425,1,8,1,7,0.187,5,7,27,-0.043
426,1,8,1,7,-0.143,0,4,1,0.117
427,1,8,4,1,0.117,0,1,7,-0.143
428,1,8,1,7,-0.143,0,4,1,0.117
429,1,8,4,1,0.117,0,1,7,-0.143
430,1,8,1,7,-0.013,0,6,19,0.786
431,1,8,6,19,0.786,0,1,7,-0.013
432,1,8,6,19,0.786,1,7,20,-0.413
433,1,8,7,20,-0.413,1,6,19,0.786
434,1,8,6,19,0.786,1,7,20,-0.413
435,1,8,7,20,-0.413,1,6,19,0.786
436,1,8,1,7,0.187,0,1,4,0.217
437,1,8,1,4,0.217,0,1,7,0.187
438,1,8,1,4,0.217,1,7,21,-0.443
439,1,8,7,21,-0.443,1,1,4,0.217
440,1,8,1,4,0.217,0,4,1,0.187
441,1,8,4,1,0.187,0,1,4,0.217
442,1,9,1,7,0.006,5,1,7,-0.124
443,1,9,1,7,-0.124,5,1,7,0.006
444,1,9,1,7,-0.124,5,1,7,-0.124
445,1,9,1,7,-0.124,5,1,7,-0.124
446,1,9,1,7,-0.124,5,1,7,0.106
447,1,9,1,7,0.106,5,1,7,-0.124
448,1,9,1,7,0.106,5,1,7,-0.124
449,1,9,1,7,-0.124,5,1,7,0.106
450,1,9,1,7,-0.124,5,1,7,0.006
451,1,9,1,7,0.006,5,1,7,-0.124
452,1,9,1,7,-0.124,0,4,1,0.136
453,1,9,4,1,0.136,0,1,7,-0.124
454,1,9,1,7,-0.124,0,4,1,0.136
455,1,9,4,1,0.136,0,1,7,-0.124
456,1,9,1,7,-0.124,0,4,1,0.136
457,1,9,4,1,0.136,0,1,7,-0.124
458,1,9,1,7,0.006,0,6,19,0.805
459,1,9,6,19,0.805,0,1,7,0.006
460,1,9,6,19,0.805,1,7,20,-0.395
461,1,9,7,20,-0.395,1,6,19,0.805
462,1,9,6,19,0.805,1,7,20,-0.395
463,1,9,7,20,-0.395,1,6,19,0.805
464,1,9,1,5,-0.195,1,1,5,-0.195
465,1,9,1,5,-0.195,1,1,5,-0.195
466,1,9,1,5,-0.195,0,1,4,0.235
467,1,9,1,4,0.235,0,1,5,-0.195
468,1,9,1,4,0.235,1,7,21,-0.425
469,1,9,7,21,-0.425,1,1,4,0.235
470,1,9,1,4,0.235,0,4,1,0.205
471,1,9,4,1,0.205,0,1,4,0.235
472,1,9,1,5,-0.195,0,4,1,0.106
473,1,9,4,1,0.106,0,1,5,-0.195
474,1,9,1,7,0.106,0,1,5,-0.195
475,1,9,1,5,-0.195,0,1,7,0.106
476,1,9,1,5,-0.195,0,4,1,0.106
477,1,9,4,1,0.106,0,1,5,-0.195
478,1,10,1,7,0.086,5,1,7,-0.144
479,1,10,1,7,-0.144,5,1,7,0.086
480,1,10,1,7,-0.144,5,1,7,-0.144
481,1,10,1,7,-0.144,5,1,7,-0.144
482,1,10,1,7,-0.144,5,1,7,-0.014
483,1,10,1,7,-0.014,5,1,7,-0.144
484,1,10,1,7,-0.014,5,7,27,-0.044
485,1,10,7,27,-0.044,5,1,7,-0.014
486,1,10,7,27,-0.044,5,1,7,0.086
487,1,10,1,7,0.086,5,7,27,-0.044
488,1,10,1,7,-0.144,0,4,1,0.116
489,1,10,4,1,0.116,0,1,7,-0.144
490,1,10,1,7,-0.144,0,4,1,0.116
491,1,10,4,1,0.116,0,1,7,-0.144
492,1,10,1,7,-0.014,0,6,19,0.788
493,1,10,6,19,0.788,0,1,7,-0.014
494,1,10,6,19,0.788,1,7,20,-0.414
495,1,10,7,20,-0.414,1,6,19,0.788
496,1,10,6,19,0.788,1,7,20,-0.414
497,1,10,7,20,-0.414,1,6,19,0.788
498,1,10,1,7,0.086,0,1,4,0.587
499,1,10,1,4,0.587,0,1,7,0.086
500,1,10,1,4,0.587,1,6,15,-0.414
501,1,10,6,15,-0.414,1,1,4,0.587
502,1,10,1,4,0.587,0,4,1,0.036
503,1,10,4,1,0.036,0,1,4,0.587
504,1,10,6,15,-0.414,0,6,15,-0.414
505,1,10,6,15,-0.414,0,6,15,-0.414
506,1,10,6,15,-0.414,0,1,4,0.587
507,1,10,1,4,0.587,0,6,15,-0.414
508,1,10,6,15,-0.414,0,4,0,0.287
509,1,10,4,0,0.287,0,6,15,-0.414
510,1,10,1,4,0.587,1,7,20,-0.563
511,1,10,7,20,-0.563,1,1,4,0.587
512,1,10,1,4,0.587,0,6,15,-0.612
513,1,10,6,15,-0.612,0,1,4,0.587
514,1,10,6,15,-0.612,0,4,0,0.287
515,1,10,4,0,0.287,0,6,15,-0.612
516,1,10,6,15,-0.612,0,4,0,0.287
517,1,10,4,0,0.287,0,6,15,-0.612
518,1,11,1,7,0.107,5,1,7,-0.123
519,1,11,1,7,-0.123,5,1,7,0.107
520,1,11,1,7,-0.123,5,1,7,-0.123
521,1,11,1,7,-0.123,5,1,7,-0.123
522,1,11,1,7,-0.123,5,1,7,0.007
523,1,11,1,7,0.007,5,1,7,-0.123
524,1,11,1,7,0.007,5,7,27,-0.023
525,1,11,7,27,-0.023,5,1,7,0.007
526,1,11,7,27,-0.023,5,1,7,0.107
527,1,11,1,7,0.107,5,7,27,-0.023
528,1,11,1,7,-0.123,0,4,1,0.137
529,1,11,4,1,0.137,0,1,7,-0.123
530,1,11,1,7,-0.123,0,4,1,0.137
531,1,11,4,1,0.137,0,1,7,-0.123
532,1,11,1,7,0.007,0,6,19,0.808
533,1,11,6,19,0.808,0,1,7,0.007
534,1,11,6,19,0.808,1,7,20,-0.393
535,1,11,7,20,-0.393,1,6,19,0.808
536,1,11,6,19,0.808,1,7,20,-0.393
537,1,11,7,20,-0.393,1,6,19,0.808
538,1,11,1,7,0.107,0,1,4,0.608
539,1,11,1,4,0.608,0,1,7,0.107
540,1,11,1,4,0.608,1,6,15,-0.393
541,1,11,6,15,-0.393,1,1,4,0.608
542,1,11,1,4,0.608,0,4,1,0.057
543,1,11,4,1,0.057,0,1,4,0.608
544,1,11,6,15,-0.393,0,6,18,-0.293
545,1,11,6,18,-0.293,0,6,15,-0.393
546,1,11,6,18,-0.293,0,6,15,-0.393
547,1,11,6,15,-0.393,0,6,18,-0.293
548,1,11,6,18,-0.293,0,4,0,0.157
549,1,11,4,0,0.157,0,6,18,-0.293
550,1,11,6,15,-0.393,0,1,3,0.007
551,1,11,1,3,0.007,0,6,15,-0.393
552,1,11,6,15,-0.393,0,1,4,0.608
553,1,11,1,4,0.608,0,6,15,-0.393
554,1,11,1,3,0.007,0,1,4,0.608
555,1,11,1,4,0.608,0,1,3,0.007
556,1,11,1,3,0.007,0,4,1,0.057
557,1,11,4,1,0.057,0,1,3,0.007
558,1,11,1,3,0.007,0,4,1,0.057
559,1,11,4,1,0.057,0,1,3,0.007
560,1,11,1,4,0.608,0,6,15,-0.393
561,1,11,6,15,-0.393,0,1,4,0.608
562,1,11,6,15,-0.393,0,1,4,0.608
563,1,11,1,4,0.608,0,6,15,-0.393
564,1,11,1,4,0.608,1,7,20,-0.542
565,1,11,7,20,-0.542,1,1,4,0.608
566,1,11,1,4,0.608,1,7,20,-0.543
567,1,11,7,20,-0.543,1,1,4,0.608
568,1,11,6,15,-0.393,0,4,0,0.257
569,1,11,4,0,0.257,0,6,15,-0.393
570,1,12,1,7,0.046,5,6,16,-0.494
571,1,12,6,16,-0.494,5,1,7,0.046
572,1,12,6,16,-0.494,5,1,7,0.046
573,1,12,1,7,0.046,5,6,16,-0.494
574,1,12,1,7,0.046,5,1,7,0.046
575,1,12,1,7,0.046,5,1,7,0.046
576,1,12,1,7,0.046,5,8,28,-0.184
577,1,12,8,28,-0.184,5,1,7,0.046
578,1,12,8,28,-0.184,5,1,7,0.046
579,1,12,1,7,0.046,5,8,28,-0.184
580,1,12,6,15,-0.354,0,1,3,0.046
581,1,12,1,3,0.046,0,6,15,-0.354
582,1,12,1,3,0.046,0,1,3,0.046
583,1,12,1,3,0.046,0,1,3,0.046
584,1,12,1,3,0.046,0,6,15,-0.354
585,1,12,6,15,-0.354,0,1,3,0.046
586,1,12,6,15,-0.354,0,1,4,0.646
587,1,12,1,4,0.646,0,6,15,-0.354
588,1,12,1,4,0.646,0,6,15,-0.354
589,1,12,6,15,-0.354,0,1,4,0.646
590,1,12,1,7,0.046,0,4,1,0.146
591,1,12,4,1,0.146,0,1,7,0.046
592,1,12,1,3,0.046,0,4,1,0.096
593,1,12,4,1,0.096,0,1,3,0.046
594,1,12,1,3,0.046,0,4,1,0.096
595,1,12,4,1,0.096,0,1,3,0.046
596,1,12,1,3,0.046,0,4,1,0.096
597,1,12,4,1,0.096,0,1,3,0.046
598,1,12,1,3,0.046,0,4,1,0.096
599,1,12,4,1,0.096,0,1,3,0.046
600,1,12,1,7,0.046,0,6,19,0.846
601,1,12,6,19,0.846,0,1,7,0.046
602,1,12,6,19,0.846,1,7,20,-0.354
603,1,12,7,20,-0.354,1,6,19,0.846
604,1,12,6,19,0.846,1,7,20,-0.354
605,1,12,7,20,-0.354,1,6,19,0.846
606,1,12,1,7,0.046,0,6,15,-0.354
607,1,12,6,15,-0.354,0,1,7,0.046
608,1,12,6,15,-0.354,0,4,0,0.346
609,1,12,4,0,0.346,0,6,15,-0.354
610,1,12,1,4,0.646,1,7,20,-0.504
611,1,12,7,20,-0.504,1,1,4,0.646
612,1,13,1,7,0.106,5,1,7,-0.124
613,1,13,1,7,-0.124,5,1,7,0.106
614,1,13,1,7,-0.124,5,1,7,-0.124
615,1,13,1,7,-0.124,5,1,7,-0.124
616,1,13,1,7,-0.124,5,1,7,0.006
617,1,13,1,7,0.006,5,1,7,-0.124
618,1,13,1,7,0.006,5,7,27,-0.024
619,1,13,7,27,-0.024,5,1,7,0.006
620,1,13,7,27,-0.024,5,1,7,0.106
621,1,13,1,7,0.106,5,7,27,-0.024
622,1,13,1,7,-0.124,0,4,1,0.136
623,1,13,4,1,0.136,0,1,7,-0.124
624,1,13,1,7,-0.124,0,4,1,0.136
625,1,13,4,1,0.136,0,1,7,-0.124
626,1,13,1,7,0.006,0,6,19,0.805
627,1,13,6,19,0.805,0,1,7,0.006
628,1,13,6,19,0.805,1,7,20,-0.395
629,1,13,7,20,-0.395,1,6,19,0.805
630,1,13,6,19,0.805,1,7,20,-0.394
631,1,13,7,20,-0.394,1,6,19,0.805
632,1,13,1,7,0.106,0,1,4,0.605
633,1,13,1,4,0.605,0,1,7,0.106
634,1,13,1,4,0.605,1,6,15,-0.395
635,1,13,6,15,-0.395,1,1,4,0.605
636,1,13,1,4,0.605,0,4,1,0.056
637,1,13,4,1,0.056,0,1,4,0.605
638,1,13,6,15,-0.395,0,1,3,0.006
639,1,13,1,3,0.006,0,6,15,-0.395
640,1,13,6,15,-0.395,0,1,4,0.605
641,1,13,1,4,0.605,0,6,15,-0.395
642,1,13,1,3,0.006,0,1,3,0.256
643,1,13,1,3,0.256,0,1,3,0.006
644,1,13,1,3,0.006,0,4,1,0.056
645,1,13,4,1,0.056,0,1,3,0.006
646,1,13,1,3,0.006,0,4,1,0.056
647,1,13,4,1,0.056,0,1,3,0.006
648,1,13,1,3,0.256,0,7,24,-0.645
649,1,13,7,24,-0.645,0,1,3,0.256
650,1,13,7,24,-0.645,0,1,4,0.605
651,1,13,1,4,0.605,0,7,24,-0.645
652,1,13,1,4,0.605,1,7,26,-0.545
653,1,13,7,26,-0.545,1,1,4,0.605
654,1,13,6,15,-0.395,0,6,15,-0.395
655,1,13,6,15,-0.395,0,6,15,-0.395
656,1,13,1,3,0.256,0,4,1,0.106
657,1,13,4,1,0.106,0,1,3,0.256
658,1,13,1,3,0.256,0,4,1,0.106
659,1,13,4,1,0.106,0,1,3,0.256
660,0,14,1,8,-0.11,5,1,8,-0.11
661,0,14,1,8,-0.11,5,1,8,-0.11
662,0,14,1,8,-0.11,5,1,11,0.02
663,0,14,1,11,0.02,5,1,8,-0.11
664,0,14,1,11,0.02,5,1,11,0.02
665,0,14,1,11,0.02,5,1,11,0.02
666,0,14,1,11,0.02,5,1,8,-0.11
667,0,14,1,8,-0.11,5,1,11,0.02
668,0,14,1,8,-0.11,5,1,8,-0.11
669,0,14,1,8,-0.11,5,1,8,-0.11
670,0,14,1,8,-0.11,5,1,8,-0.11
671,0,14,1,8,-0.11,5,1,8,-0.11
672,0,14,1,8,-0.11,0,4,1,0.15
673,0,14,4,1,0.15,0,1,8,-0.11
674,0,14,1,8,-0.11,0,4,1,0.15
675,0,14,4,1,0.15,0,1,8,-0.11
676,0,14,1,11,0.02,5,1,8,-0.11
677,0,14,1,8,-0.11,5,1,11,0.02
678,0,14,1,8,-0.11,5,1,8,-0.11
679,0,14,1,8,-0.11,5,1,8,-0.11
680,0,14,1,8,-0.11,5,1,8,-0.11
681,0,14,1,8,-0.11,5,1,8,-0.11
682,0,14,1,8,-0.11,5,1,8,-0.11
683,0,14,1,8,-0.11,5,1,8,-0.11
684,0,14,1,8,-0.11,5,1,11,0.02
685,0,14,1,11,0.02,5,1,8,-0.11
686,0,14,1,8,-0.11,0,4,1,0.15
687,0,14,4,1,0.15,0,1,8,-0.11
688,0,14,1,8,-0.11,0,4,1,0.15
689,0,14,4,1,0.15,0,1,8,-0.11
690,0,14,1,8,-0.11,0,6,19,0.82
691,0,14,6,19,0.82,0,1,8,-0.11
692,0,14,1,8,-0.11,0,6,19,0.82
693,0,14,6,19,0.82,0,1,8,-0.11
694,0,14,1,8,-0.11,0,6,19,0.82
695,0,14,6,19,0.82,0,1,8,-0.11
696,0,14,1,8,-0.11,0,6,19,0.82
697,0,14,6,19,0.82,0,1,8,-0.11
698,0,14,6,19,0.82,1,7,20,-0.38
699,0,14,7,20,-0.38,1,6,19,0.82
700,0,14,6,19,0.82,1,7,20,-0.38
701,0,14,7,20,-0.38,1,6,19,0.82
702,0,14,6,19,0.82,1,7,20,-0.38
703,0,14,7,20,-0.38,1,6,19,0.82
704,0,14,6,19,0.82,1,7,20,-0.38
705,0,14,7,20,-0.38,1,6,19,0.82
706,0,14,6,19,0.82,1,7,20,-0.38
707,0,14,7,20,-0.38,1,6,19,0.82
708,0,14,6,19,0.82,1,7,20,-0.38
709,0,14,7,20,-0.38,1,6,19,0.82
710,0,14,6,19,0.82,1,7,20,-0.38
711,0,14,7,20,-0.38,1,6,19,0.82
712,0,14,6,19,0.82,1,7,20,-0.38
713,0,14,7,20,-0.38,1,6,19,0.82
714,0,15,1,8,-0.113,5,1,8,-0.113
715,0,15,1,8,-0.113,5,1,8,-0.113
716,0,15,1,8,-0.113,5,1,11,0.017
717,0,15,1,11,0.017,5,1,8,-0.113
718,0,15,1,11,0.017,5,1,11,-0.083
719,0,15,1,11,-0.083,5,1,11,0.017
720,0,15,1,11,-0.083,5,1,8,-0.113
721,0,15,1,8,-0.113,5,1,11,-0.083
722,0,15,1,8,-0.113,5,1,8,-0.113
723,0,15,1,8,-0.113,5,1,8,-0.113
724,0,15,1,8,-0.113,5,1,8,-0.113
725,0,15,1,8,-0.113,5,1,8,-0.113
726,0,15,1,8,-0.113,0,4,1,0.146
727,0,15,4,1,0.146,0,1,8,-0.113
728,0,15,1,8,-0.113,0,4,1,0.146
729,0,15,4,1,0.146,0,1,8,-0.113
730,0,15,1,8,-0.113,0,4,1,0.146
731,0,15,4,1,0.146,0,1,8,-0.113
732,0,15,1,8,-0.113,0,4,1,0.146
733,0,15,4,1,0.146,0,1,8,-0.113
734,0,15,1,11,0.017,5,1,8,-0.113
735,0,15,1,8,-0.113,5,1,11,0.017
736,0,15,1,8,-0.113,5,1,8,-0.113
737,0,15,1,8,-0.113,5,1,8,-0.113
738,0,15,1,8,-0.113,5,1,34,-0.083
739,0,15,1,34,-0.083,5,1,8,-0.113
740,0,15,1,34,-0.083,5,1,34,-0.083
741,0,15,1,34,-0.083,5,1,34,-0.083
742,0,15,1,34,-0.083,5,1,11,-0.083
743,0,15,1,11,-0.083,5,1,34,-0.083
744,0,15,1,8,-0.113,0,4,1,0.146
745,0,15,4,1,0.146,0,1,8,-0.113
746,0,15,1,34,-0.083,5,1,11,-0.083
747,0,15,1,11,-0.083,5,1,34,-0.083
748,0,15,1,11,-0.083,5,1,11,0.017
749,0,15,1,11,0.017,5,1,11,-0.083
750,0,15,1,11,0.017,5,1,8,-0.113
751,0,15,1,8,-0.113,5,1,11,0.017
752,0,15,1,8,-0.113,5,1,8,-0.113
753,0,15,1,8,-0.113,5,1,8,-0.113
754,0,15,1,8,-0.113,5,1,34,-0.083
755,0,15,1,34,-0.083,5,1,8,-0.113
756,0,15,1,8,-0.113,0,4,1,0.146
757,0,15,4,1,0.146,0,1,8,-0.113
758,0,15,1,8,-0.113,0,4,1,0.146
759,0,15,4,1,0.146,0,1,8,-0.113
760,0,15,1,11,-0.083,5,1,8,-0.113
761,0,15,1,8,-0.113,5,1,11,-0.083
762,0,15,1,8,-0.113,5,1,8,-0.113
763,0,15,1,8,-0.113,5,1,8,-0.113
764,0,15,1,8,-0.113,5,1,8,-0.113
765,0,15,1,8,-0.113,5,1,8,-0.113
766,0,15,1,8,-0.113,5,1,8,-0.113
767,0,15,1,8,-0.113,5,1,8,-0.113
768,0,15,1,8,-0.113,5,1,11,0.017
769,0,15,1,11,0.017,5,1,8,-0.113
770,0,15,1,8,-0.113,0,4,1,0.146
771,0,15,4,1,0.146,0,1,8,-0.113
772,0,15,1,8,-0.113,0,4,1,0.146
773,0,15,4,1,0.146,0,1,8,-0.113
774,0,15,1,8,-0.113,0,4,1,0.146
775,0,15,4,1,0.146,0,1,8,-0.113
776,0,15,1,8,-0.113,0,4,1,0.146
777,0,15,4,1,0.146,0,1,8,-0.113
778,0,15,1,8,-0.113,0,6,19,0.816
779,0,15,6,19,0.816,0,1,8,-0.113
780,0,15,6,19,0.816,1,7,20,-0.384
781,0,15,7,20,-0.384,1,6,19,0.816
782,0,15,6,19,0.816,1,7,20,-0.384
783,0,15,7,20,-0.384,1,6,19,0.816
784,0,16,1,8,-0.113,5,1,8,-0.113
785,0,16,1,8,-0.113,5,1,8,-0.113
786,0,16,1,8,-0.113,5,1,11,0.017
787,0,16,1,11,0.017,5,1,8,-0.113
788,0,16,1,11,0.017,5,1,11,-0.083
789,0,16,1,11,-0.083,5,1,11,0.017
790,0,16,1,11,-0.083,5,1,8,-0.113
791,0,16,1,8,-0.113,5,1,11,-0.083
792,0,16,1,8,-0.113,5,1,8,-0.113
793,0,16,1,8,-0.113,5,1,8,-0.113
794,0,16,1,8,-0.113,5,1,8,-0.113
795,0,16,1,8,-0.113,5,1,8,-0.113
796,0,16,1,8,-0.113,0,4,1,0.146
797,0,16,4,1,0.146,0,1,8,-0.113
798,0,16,1,8,-0.113,0,4,1,0.146
799,0,16,4,1,0.146,0,1,8,-0.113
800,0,16,1,8,-0.113,0,4,1,0.146
801,0,16,4,1,0.146,0,1,8,-0.113
802,0,16,1,8,-0.113,0,4,1,0.146
803,0,16,4,1,0.146,0,1,8,-0.113
804,0,16,1,11,0.017,5,1,8,-0.113
805,0,16,1,8,-0.113,5,1,11,0.017
806,0,16,1,8,-0.113,5,1,8,-0.113
807,0,16,1,8,-0.113,5,1,8,-0.113
808,0,16,1,8,-0.113,5,1,34,-0.083
809,0,16,1,34,-0.083,5,1,8,-0.113
810,0,16,1,34,-0.083,5,1,34,-0.083
811,0,16,1,34,-0.083,5,1,34,-0.083
812,0,16,1,34,-0.083,5,1,11,-0.083
813,0,16,1,11,-0.083,5,1,34,-0.083
814,0,16,1,8,-0.113,0,4,1,0.146
815,0,16,4,1,0.146,0,1,8,-0.113
816,0,16,1,34,-0.083,5,1,11,-0.083
817,0,16,1,11,-0.083,5,1,34,-0.083
818,0,16,1,11,-0.083,5,1,11,0.017
819,0,16,1,11,0.017,5,1,11,-0.083
820,0,16,1,11,0.017,5,1,8,-0.113
821,0,16,1,8,-0.113,5,1,11,0.017
822,0,16,1,8,-0.113,5,1,8,-0.113
823,0,16,1,8,-0.113,5,1,8,-0.113
824,0,16,1,8,-0.113,5,1,34,-0.083
825,0,16,1,34,-0.083,5,1,8,-0.113
826,0,16,1,8,-0.113,0,4,1,0.146
827,0,16,4,1,0.146,0,1,8,-0.113
828,0,16,1,8,-0.113,0,4,1,0.146
829,0,16,4,1,0.146,0,1,8,-0.113
830,0,16,1,11,-0.083,5,1,8,-0.113
831,0,16,1,8,-0.113,5,1,11,-0.083
832,0,16,1,8,-0.113,5,1,8,-0.113
833,0,16,1,8,-0.113,5,1,8,-0.113
834,0,16,1,8,-0.113,5,1,8,-0.113
835,0,16,1,8,-0.113,5,1,8,-0.113
836,0,16,1,8,-0.113,5,1,8,-0.113
837,0,16,1,8,-0.113,5,1,8,-0.113
838,0,16,1,8,-0.113,5,1,11,0.017
839,0,16,1,11,0.017,5,1,8,-0.113
840,0,16,1,8,-0.113,0,4,1,0.146
841,0,16,4,1,0.146,0,1,8,-0.113
842,0,16,1,8,-0.113,0,4,1,0.146
843,0,16,4,1,0.146,0,1,8,-0.113
844,0,16,1,8,-0.113,0,4,1,0.146
845,0,16,4,1,0.146,0,1,8,-0.113
846,0,16,1,8,-0.113,0,4,1,0.146
847,0,16,4,1,0.146,0,1,8,-0.113
848,0,16,1,8,-0.113,0,6,19,0.816
849,0,16,6,19,0.816,0,1,8,-0.113
850,0,16,6,19,0.816,1,7,20,-0.384
851,0,16,7,20,-0.384,1,6,19,0.816
852,0,16,6,19,0.816,1,7,20,-0.384
853,0,16,7,20,-0.384,1,6,19,0.816
854,0,17,1,8,-0.05,5,1,8,-0.05
855,0,17,1,8,-0.05,5,1,8,-0.05
856,0,17,1,8,-0.05,5,1,8,-0.05
857,0,17,1,8,-0.05,5,1,8,-0.05
858,0,17,1,8,-0.05,5,1,8,-0.05
859,0,17,1,8,-0.05,5,1,8,-0.05
860,0,17,1,8,-0.05,5,1,8,-0.05
861,0,17,1,8,-0.05,5,1,8,-0.05
862,0,17,1,8,-0.05,5,1,8,-0.05
863,0,17,1,8,-0.05,5,1,8,-0.05
864,0,17,1,8,-0.05,5,1,8,-0.05
865,0,17,1,8,-0.05,5,1,8,-0.05
866,0,17,1,8,-0.05,0,4,1,0.21
867,0,17,4,1,0.21,0,1,8,-0.05
868,0,17,1,8,-0.05,0,4,1,0.21
869,0,17,4,1,0.21,0,1,8,-0.05
870,0,17,1,8,-0.05,0,2,30,-0.12
871,0,17,2,30,-0.12,0,1,8,-0.05
872,0,17,1,8,-0.05,0,2,30,-0.12
873,0,17,2,30,-0.12,0,1,8,-0.05
874,0,17,1,8,-0.05,0,2,30,-0.12
875,0,17,2,30,-0.12,0,1,8,-0.05
876,0,17,1,8,-0.05,0,6,19,0.88
877,0,17,6,19,0.88,0,1,8,-0.05
878,0,17,6,19,0.88,1,7,20,-0.32
879,0,17,7,20,-0.32,1,6,19,0.88
880,0,17,6,19,0.88,1,7,20,-0.32
881,0,17,7,20,-0.32,1,6,19,0.88
882,0,18,1,8,-0.137,5,1,8,-0.137
883,0,18,1,8,-0.137,5,1,8,-0.137
884,0,18,1,8,-0.137,5,1,8,0.193
885,0,18,1,8,0.193,5,1,8,-0.137
886,0,18,1,8,0.193,5,1,13,-0.007
887,0,18,1,13,-0.007,5,1,8,0.193
888,0,18,1,13,-0.007,5,1,8,-0.137
889,0,18,1,8,-0.137,5,1,13,-0.007
890,0,18,1,8,-0.137,5,1,8,-0.137
891,0,18,1,8,-0.137,5,1,8,-0.137
892,0,18,1,8,-0.137,5,1,8,-0.137
893,0,18,1,8,-0.137,5,1,8,-0.137
894,0,18,1,8,-0.137,0,4,1,0.123
895,0,18,4,1,0.123,0,1,8,-0.137
896,0,18,1,8,-0.137,0,4,1,0.123
897,0,18,4,1,0.123,0,1,8,-0.137
898,0,18,1,8,-0.137,0,4,1,0.123
899,0,18,4,1,0.123,0,1,8,-0.137
900,0,18,1,8,-0.137,0,4,1,0.123
901,0,18,4,1,0.123,0,1,8,-0.137
902,0,18,1,8,0.193,5,1,8,-0.137
903,0,18,1,8,-0.137,5,1,8,0.193
904,0,18,1,8,-0.137,5,1,8,-0.137
905,0,18,1,8,-0.137,5,1,8,-0.137
906,0,18,1,8,-0.137,5,1,8,-0.137
907,0,18,1,8,-0.137,5,1,8,-0.137
908,0,18,1,8,-0.137,5,1,8,-0.137
909,0,18,1,8,-0.137,5,1,8,-0.137
910,0,18,1,8,-0.137,5,1,13,-0.007
911,0,18,1,13,-0.007,5,1,8,-0.137
912,0,18,1,13,-0.007,5,1,8,0.193
913,0,18,1,8,0.193,5,1,13,-0.007
914,0,18,1,8,-0.137,0,4,1,0.123
915,0,18,4,1,0.123,0,1,8,-0.137
916,0,18,1,8,-0.137,0,4,1,0.123
917,0,18,4,1,0.123,0,1,8,-0.137
918,0,18,1,13,-0.007,0,1,13,-0.007
919,0,18,1,13,-0.007,0,1,13,-0.007
920,0,18,1,8,0.193,0,6,15,-0.408
921,0,18,6,15,-0.408,0,1,8,0.193
922,0,18,6,15,-0.408,0,1,8,0.193
923,0,18,1,8,0.193,0,6,15,-0.408
924,0,18,6,15,-0.408,0,4,0,0.293
925,0,18,4,0,0.293,0,6,15,-0.408
926,0,18,1,8,-0.137,0,4,1,0.123
927,0,18,4,1,0.123,0,1,8,-0.137
928,0,18,1,8,-0.137,0,6,19,0.792
929,0,18,6,19,0.792,0,1,8,-0.137
930,0,18,6,19,0.792,1,7,20,-0.407
931,0,18,7,20,-0.407,1,6,19,0.792
932,0,18,6,19,0.792,1,7,20,-0.407
933,0,18,7,20,-0.407,1,6,19,0.792
934,0,19,1,8,-0.138,5,1,8,-0.138
935,0,19,1,8,-0.138,5,1,8,-0.138
936,0,19,1,8,-0.138,5,1,10,-0.048
937,0,19,1,10,-0.048,5,1,8,-0.138
938,0,19,1,10,-0.048,5,1,10,0.092
939,0,19,1,10,0.092,5,1,10,-0.048
940,0,19,1,10,0.092,5,1,8,-0.138
941,0,19,1,8,-0.138,5,1,10,0.092
942,0,19,1,8,-0.138,5,1,8,-0.138
943,0,19,1,8,-0.138,5,1,8,-0.138
944,0,19,1,8,-0.138,5,1,8,-0.138
945,0,19,1,8,-0.138,5,1,8,-0.138
946,0,19,1,10,-0.048,5,6,16,-0.367
947,0,19,6,16,-0.367,5,1,10,-0.048
948,0,19,6,16,-0.367,5,1,7,0.162
949,0,19,1,7,0.162,5,6,16,-0.367
950,0,19,1,10,0.092,5,1,7,-0.108
951,0,19,1,7,-0.108,5,1,10,0.092
952,0,19,1,7,-0.108,5,1,7,0.162
953,0,19,1,7,0.162,5,1,7,-0.108
954,0,19,1,8,-0.138,0,6,19,0.793
955,0,19,6,19,0.793,0,1,8,-0.138
956,0,19,6,19,0.793,1,7,20,-0.407
957,0,19,7,20,-0.407,1,6,19,0.793
958,0,19,6,19,0.793,1,7,20,-0.407
959,0,19,7,20,-0.407,1,6,19,0.793
960,0,19,1,8,-0.138,0,4,1,0.122
961,0,19,4,1,0.122,0,1,8,-0.138
962,0,19,1,8,-0.138,0,4,1,0.092
963,0,19,4,1,0.092,0,1,8,-0.138
964,0,19,1,8,-0.138,0,4,1,0.122
965,0,19,4,1,0.122,0,1,8,-0.138
966,0,19,1,7,0.162,0,4,1,0.122
967,0,19,4,1,0.122,0,1,7,0.162
968,0,19,1,7,-0.108,0,4,1,0.092
969,0,19,4,1,0.092,0,1,7,-0.108
970,0,19,6,16,-0.367,0,4,0,0.292
971,0,19,4,0,0.292,0,6,16,-0.367
972,0,20,1,8,-0.121,5,1,8,-0.121
973,0,20,1,8,-0.121,5,1,8,-0.121
974,0,20,1,8,-0.121,5,1,8,0.31
975,0,20,1,8,0.31,5,1,8,-0.121
976,0,20,1,8,0.31,5,1,8,-0.121
977,0,20,1,8,-0.121,5,1,8,0.31
978,0,20,1,8,-0.121,5,1,8,-0.121
979,0,20,1,8,-0.121,5,1,8,-0.121
980,0,20,1,8,-0.121,5,1,8,-0.121
981,0,20,1,8,-0.121,5,1,8,-0.121
982,0,20,1,8,-0.121,5,1,8,-0.121
983,0,20,1,8,-0.121,5,1,8,-0.121
984,0,20,1,8,-0.121,0,4,1,0.139
985,0,20,4,1,0.139,0,1,8,-0.121
986,0,20,1,8,-0.121,0,4,1,0.139
987,0,20,4,1,0.139,0,1,8,-0.121
988,0,20,1,8,-0.121,0,4,1,0.139
989,0,20,4,1,0.139,0,1,8,-0.121
990,0,20,1,8,-0.121,0,6,19,0.81
991,0,20,6,19,0.81,0,1,8,-0.121
992,0,20,6,19,0.81,1,7,20,-0.39
993,0,20,7,20,-0.39,1,6,19,0.81
994,0,20,6,19,0.81,1,7,20,-0.39
995,0,20,7,20,-0.39,1,6,19,0.81
996,0,20,1,8,-0.121,0,4,1,0.139
997,0,20,4,1,0.139,0,1,8,-0.121
998,0,20,1,8,0.31,0,3,29,-0.291
999,0,20,3,29,-0.291,0,1,8,0.31
1000,0,21,1,8,-0.114,5,1,8,-0.114
1001,0,21,1,8,-0.114,5,1,8,-0.114
1002,0,21,1,8,-0.114,5,1,8,-0.114
1003,0,21,1,8,-0.114,5,1,8,-0.114
1004,0,21,1,8,-0.114,5,1,8,-0.114
1005,0,21,1,8,-0.114,5,1,8,-0.114
1006,0,21,1,8,-0.114,5,1,8,-0.114
1007,0,21,1,8,-0.114,5,1,8,-0.114
1008,0,21,1,8,-0.114,5,1,8,-0.114
1009,0,21,1,8,-0.114,5,1,8,-0.114
1010,0,21,1,8,-0.114,5,1,8,-0.114
1011,0,21,1,8,-0.114,5,1,8,-0.114
1012,0,21,1,8,-0.114,0,4,1,0.146
1013,0,21,4,1,0.146,0,1,8,-0.114
1014,0,21,1,8,-0.114,0,4,1,0.146
1015,0,21,4,1,0.146,0,1,8,-0.114
1016,0,21,1,8,-0.114,0,4,1,0.146
1017,0,21,4,1,0.146,0,1,8,-0.114
1018,0,21,1,8,-0.114,0,6,19,0.817
1019,0,21,6,19,0.817,0,1,8,-0.114
1020,0,21,6,19,0.817,1,7,20,-0.384
1021,0,21,7,20,-0.384,1,6,19,0.817
1022,0,21,6,19,0.817,1,7,20,-0.384
1023,0,21,7,20,-0.384,1,6,19,0.817
1024,0,21,1,8,-0.114,0,4,1,0.146
1025,0,21,4,1,0.146,0,1,8,-0.114
1026,0,21,1,8,-0.114,0,6,19,0.817
1027,0,21,6,19,0.817,0,1,8,-0.114
1028,0,21,6,19,0.817,1,7,20,-0.383
1029,0,21,7,20,-0.383,1,6,19,0.817
1030,0,21,6,19,0.817,1,7,20,-0.383
1031,0,21,7,20,-0.383,1,6,19,0.817
1032,0,22,1,8,-0.097,5,1,8,-0.097
1033,0,22,1,8,-0.097,5,1,8,-0.097
1034,0,22,1,8,-0.097,5,1,8,-0.097
1035,0,22,1,8,-0.097,5,1,8,-0.097
1036,0,22,1,8,-0.097,5,1,8,-0.097
1037,0,22,1,8,-0.097,5,1,8,-0.097
1038,0,22,1,8,-0.097,5,1,8,-0.097
1039,0,22,1,8,-0.097,5,1,8,-0.097
1040,0,22,1,8,-0.097,5,1,8,-0.097
1041,0,22,1,8,-0.097,5,1,8,-0.097
1042,0,22,1,8,-0.097,5,1,8,-0.097
1043,0,22,1,8,-0.097,5,1,8,-0.097
1044,0,22,1,8,-0.097,0,4,1,0.163
1045,0,22,4,1,0.163,0,1,8,-0.097
1046,0,22,1,8,-0.097,0,4,1,0.163
1047,0,22,4,1,0.163,0,1,8,-0.097
1048,0,22,1,8,-0.097,0,4,1,0.163
1049,0,22,4,1,0.163,0,1,8,-0.097
1050,0,22,1,8,-0.097,0,6,19,0.832
1051,0,22,6,19,0.832,0,1,8,-0.097
1052,0,22,6,19,0.832,1,7,20,-0.368
1053,0,22,7,20,-0.368,1,6,19,0.832
1054,0,22,6,19,0.832,1,7,20,-0.367
1055,0,22,7,20,-0.367,1,6,19,0.832
1056,0,22,1,8,-0.097,0,4,1,0.163
1057,0,22,4,1,0.163,0,1,8,-0.097
1058,0,22,2,30,-0.167,0,1,8,-0.097
1059,0,22,1,8,-0.097,0,2,30,-0.167
1060,0,23,1,8,-0.097,5,1,8,-0.097
1061,0,23,1,8,-0.097,5,1,8,-0.097
1062,0,23,1,8,-0.097,5,1,8,-0.097
1063,0,23,1,8,-0.097,5,1,8,-0.097
1064,0,23,1,8,-0.097,5,1,8,-0.097
1065,0,23,1,8,-0.097,5,1,8,-0.097
1066,0,23,1,8,-0.097,5,1,8,-0.097
1067,0,23,1,8,-0.097,5,1,8,-0.097
1068,0,23,1,8,-0.097,5,1,8,-0.097
1069,0,23,1,8,-0.097,5,1,8,-0.097
1070,0,23,1,8,-0.097,5,1,8,-0.097
1071,0,23,1,8,-0.097,5,1,8,-0.097
1072,0,23,1,8,-0.097,0,4,1,0.163
1073,0,23,4,1,0.163,0,1,8,-0.097
1074,0,23,1,8,-0.097,0,4,1,0.163
1075,0,23,4,1,0.163,0,1,8,-0.097
1076,0,23,1,8,-0.097,0,6,19,0.832
1077,0,23,6,19,0.832,0,1,8,-0.097
1078,0,23,6,19,0.832,1,7,20,-0.367
1079,0,23,7,20,-0.367,1,6,19,0.832
1080,0,23,6,19,0.832,1,7,20,-0.368
1081,0,23,7,20,-0.368,1,6,19,0.832
1082,0,23,1,8,-0.097,0,4,1,0.163
1083,0,23,4,1,0.163,0,1,8,-0.097
1084,0,23,1,8,-0.097,0,2,30,-0.167
1085,0,23,2,30,-0.167,0,1,8,-0.097
1086,0,23,1,8,-0.097,0,4,1,0.163
1087,0,23,4,1,0.163,0,1,8,-0.097
1088,0,24,1,8,-0.12,5,1,8,-0.12
1089,0,24,1,8,-0.12,5,1,8,-0.12
1090,0,24,1,8,-0.12,5,1,11,0.01
1091,0,24,1,11,0.01,5,1,8,-0.12
1092,0,24,1,11,0.01,5,1,11,0.01
1093,0,24,1,11,0.01,5,1,11,0.01
1094,0,24,1,11,0.01,5,1,8,-0.12
1095,0,24,1,8,-0.12,5,1,11,0.01
1096,0,24,1,8,-0.12,5,1,8,-0.12
1097,0,24,1,8,-0.12,5,1,8,-0.12
1098,0,24,1,8,-0.12,5,1,8,-0.12
1099,0,24,1,8,-0.12,5,1,8,-0.12
1100,0,24,1,8,-0.12,0,4,1,0.141
1101,0,24,4,1,0.141,0,1,8,-0.12
1102,0,24,1,8,-0.12,0,4,1,0.141
1103,0,24,4,1,0.141,0,1,8,-0.12
1104,0,24,1,8,-0.12,0,4,1,0.141
1105,0,24,4,1,0.141,0,1,8,-0.12
1106,0,24,1,8,-0.12,0,4,1,0.141
1107,0,24,4,1,0.141,0,1,8,-0.12
1108,0,24,1,11,0.01,5,1,8,-0.12
1109,0,24,1,8,-0.12,5,1,11,0.01
1110,0,24,1,8,-0.12,5,1,11,0.01
1111,0,24,1,11,0.01,5,1,8,-0.12
1112,0,24,1,11,0.01,5,1,34,-0.09
1113,0,24,1,34,-0.09,5,1,11,0.01
1114,0,24,1,34,-0.09,5,1,8,-0.12
1115,0,24,1,8,-0.12,5,1,34,-0.09
1116,0,24,1,8,-0.12,5,1,11,0.01
1117,0,24,1,11,0.01,5,1,8,-0.12
1118,0,24,1,8,-0.12,0,4,1,0.141
1119,0,24,4,1,0.141,0,1,8,-0.12
1120,0,24,1,11,0.01,5,1,8,-0.12
1121,0,24,1,8,-0.12,5,1,11,0.01
1122,0,24,1,8,-0.12,5,1,8,-0.12
1123,0,24,1,8,-0.12,5,1,8,-0.12
1124,0,24,1,8,-0.12,5,1,11,0.01
1125,0,24,1,11,0.01,5,1,8,-0.12
1126,0,24,1,11,0.01,5,1,34,-0.09
1127,0,24,1,34,-0.09,5,1,11,0.01
1128,0,24,1,34,-0.09,5,1,34,-0.09
1129,0,24,1,34,-0.09,5,1,34,-0.09
1130,0,24,1,8,-0.12,0,4,1,0.14
1131,0,24,4,1,0.14,0,1,8,-0.12
1132,0,24,1,8,-0.12,0,4,1,0.141
1133,0,24,4,1,0.141,0,1,8,-0.12
1134,0,24,1,11,0.01,5,1,8,-0.12
1135,0,24,1,8,-0.12,5,1,11,0.01
1136,0,24,1,8,-0.12,5,1,8,-0.12
1137,0,24,1,8,-0.12,5,1,8,-0.12
1138,0,24,1,8,-0.12,5,1,8,-0.12
1139,0,24,1,8,-0.12,5,1,8,-0.12
1140,0,24,1,8,-0.12,5,1,8,-0.12
1141,0,24,1,8,-0.12,5,1,8,-0.12
1142,0,24,1,8,-0.12,5,1,34,-0.09
1143,0,24,1,34,-0.09,5,1,8,-0.12
1144,0,24,1,8,-0.12,0,4,1,0.14
1145,0,24,4,1,0.14,0,1,8,-0.12
1146,0,24,1,8,-0.12,0,4,1,0.14
1147,0,24,4,1,0.14,0,1,8,-0.12
1148,0,24,1,8,-0.12,0,4,1,0.14
1149,0,24,4,1,0.14,0,1,8,-0.12
1150,0,24,1,8,-0.12,0,4,1,0.141
1151,0,24,4,1,0.141,0,1,8,-0.12
1152,0,24,1,8,-0.12,0,6,19,0.811
1153,0,24,6,19,0.811,0,1,8,-0.12
1154,0,24,6,19,0.811,1,7,20,-0.389
1155,0,24,7,20,-0.389,1,6,19,0.811
1156,0,24,6,19,0.811,1,7,20,-0.389
1157,0,24,7,20,-0.389,1,6,19,0.811
1158,0,25,1,8,-0.074,5,1,8,-0.074
1159,0,25,1,8,-0.074,5,1,8,-0.074
1160,0,25,1,8,-0.074,5,1,8,-0.074
1161,0,25,1,8,-0.074,5,1,8,-0.074
1162,0,25,1,8,-0.074,5,1,8,-0.074
1163,0,25,1,8,-0.074,5,1,8,-0.074
1164,0,25,1,8,-0.074,5,1,8,-0.074
1165,0,25,1,8,-0.074,5,1,8,-0.074
1166,0,25,1,8,-0.074,5,1,8,-0.074
1167,0,25,1,8,-0.074,5,1,8,-0.074
1168,0,25,1,8,-0.074,5,1,8,-0.074
1169,0,25,1,8,-0.074,5,1,8,-0.074
1170,0,25,1,8,-0.074,0,4,1,0.187
1171,0,25,4,1,0.187,0,1,8,-0.074
1172,0,25,1,8,-0.074,0,4,1,0.187
1173,0,25,4,1,0.187,0,1,8,-0.074
1174,0,25,1,8,-0.074,0,6,19,0.857
1175,0,25,6,19,0.857,0,1,8,-0.074
1176,0,25,6,19,0.857,1,7,20,-0.343
1177,0,25,7,20,-0.343,1,6,19,0.857
1178,0,25,6,19,0.857,1,7,20,-0.343
1179,0,25,7,20,-0.343,1,6,19,0.857
1180,0,25,1,8,-0.074,0,2,30,-0.144
1181,0,25,2,30,-0.144,0,1,8,-0.074
1182,0,25,1,8,-0.074,0,4,1,0.187
1183,0,25,4,1,0.187,0,1,8,-0.074
1184,0,25,1,8,-0.074,0,2,30,-0.144
1185,0,25,2,30,-0.144,0,1,8,-0.074
1186,0,26,1,8,-0.125,5,1,8,-0.125
1187,0,26,1,8,-0.125,5,1,8,-0.125
1188,0,26,1,8,-0.125,5,1,11,0.005
1189,0,26,1,11,0.005,5,1,8,-0.125
1190,0,26,1,11,0.005,5,1,11,0.005
1191,0,26,1,11,0.005,5,1,11,0.005
1192,0,26,1,11,0.005,5,1,8,-0.125
1193,0,26,1,8,-0.125,5,1,11,0.005
1194,0,26,1,8,-0.125,5,1,8,-0.125
1195,0,26,1,8,-0.125,5,1,8,-0.125
1196,0,26,1,8,-0.125,5,1,8,-0.125
1197,0,26,1,8,-0.125,5,1,8,-0.125
1198,0,26,1,8,-0.125,0,4,1,0.135
1199,0,26,4,1,0.135,0,1,8,-0.125
1200,0,26,1,8,-0.125,0,4,1,0.135
1201,0,26,4,1,0.135,0,1,8,-0.125
1202,0,26,1,8,-0.125,0,4,1,0.135
1203,0,26,4,1,0.135,0,1,8,-0.125
1204,0,26,1,8,-0.125,0,4,1,0.135
1205,0,26,4,1,0.135,0,1,8,-0.125
1206,0,26,1,11,0.005,5,1,8,-0.125
1207,0,26,1,8,-0.125,5,1,11,0.005
1208,0,26,1,8,-0.125,5,1,11,0.005
1209,0,26,1,11,0.005,5,1,8,-0.125
1210,0,26,1,11,0.005,5,1,11,0.005
1211,0,26,1,11,0.005,5,1,11,0.005
1212,0,26,1,11,0.005,5,1,8,-0.125
1213,0,26,1,8,-0.125,5,1,11,0.005
1214,0,26,1,8,-0.125,5,1,11,0.005
1215,0,26,1,11,0.005,5,1,8,-0.125
1216,0,26,1,8,-0.125,0,4,1,0.135
1217,0,26,4,1,0.135,0,1,8,-0.125
1218,0,26,1,11,0.005,5,1,8,-0.125
1219,0,26,1,8,-0.125,5,1,11,0.005
1220,0,26,1,8,-0.125,5,1,8,-0.125
1221,0,26,1,8,-0.125,5,1,8,-0.125
1222,0,26,1,8,-0.125,5,1,8,-0.125
1223,0,26,1,8,-0.125,5,1,8,-0.125
1224,0,26,1,8,-0.125,5,1,8,-0.125
1225,0,26,1,8,-0.125,5,1,8,-0.125
1226,0,26,1,8,-0.125,5,1,11,0.005
1227,0,26,1,11,0.005,5,1,8,-0.125
1228,0,26,1,8,-0.125,0,4,1,0.135
1229,0,26,4,1,0.135,0,1,8,-0.125
1230,0,26,1,8,-0.125,0,4,1,0.135
1231,0,26,4,1,0.135,0,1,8,-0.125
1232,0,26,1,8,-0.125,0,4,1,0.135
1233,0,26,4,1,0.135,0,1,8,-0.125
1234,0,26,1,8,-0.125,0,4,1,0.135
1235,0,26,4,1,0.135,0,1,8,-0.125
1236,0,26,1,8,-0.125,0,6,19,0.805
1237,0,26,6,19,0.805,0,1,8,-0.125
1238,0,26,6,19,0.805,1,7,20,-0.395
1239,0,26,7,20,-0.395,1,6,19,0.805
1240,0,26,6,19,0.805,1,7,20,-0.395
1241,0,26,7,20,-0.395,1,6,19,0.805
1242,0,27,1,8,-0.074,5,1,8,-0.074
1243,0,27,1,8,-0.074,5,1,8,-0.074
1244,0,27,1,8,-0.074,5,1,8,-0.074
1245,0,27,1,8,-0.074,5,1,8,-0.074
1246,0,27,1,8,-0.074,5,1,8,-0.074
1247,0,27,1,8,-0.074,5,1,8,-0.074
1248,0,27,1,8,-0.074,5,1,8,-0.074
1249,0,27,1,8,-0.074,5,1,8,-0.074
1250,0,27,1,8,-0.074,5,1,8,-0.074
1251,0,27,1,8,-0.074,5,1,8,-0.074
1252,0,27,1,8,-0.074,5,1,8,-0.074
1253,0,27,1,8,-0.074,5,1,8,-0.074
1254,0,27,1,8,-0.074,0,4,1,0.187
1255,0,27,4,1,0.187,0,1,8,-0.074
1256,0,27,1,8,-0.074,0,4,1,0.187
1257,0,27,4,1,0.187,0,1,8,-0.074
1258,0,27,1,8,-0.074,0,6,19,0.857
1259,0,27,6,19,0.857,0,1,8,-0.074
1260,0,27,6,19,0.857,1,7,20,-0.343
1261,0,27,7,20,-0.343,1,6,19,0.857
1262,0,27,6,19,0.857,1,7,20,-0.343
1263,0,27,7,20,-0.343,1,6,19,0.857
1264,0,27,1,8,-0.074,0,2,30,-0.144
1265,0,27,2,30,-0.144,0,1,8,-0.074
1266,0,27,1,8,-0.074,0,4,1,0.187
1267,0,27,4,1,0.187,0,1,8,-0.074
1268,0,27,1,8,-0.074,0,2,30,-0.144
1269,0,27,2,30,-0.144,0,1,8,-0.074
1270,0,28,1,8,-0.108,5,1,8,-0.108
1271,0,28,1,8,-0.108,5,1,8,-0.108
1272,0,28,1,8,-0.108,5,1,11,0.022
1273,0,28,1,11,0.022,5,1,8,-0.108
1274,0,28,1,11,0.022,5,1,11,0.022
1275,0,28,1,11,0.022,5,1,11,0.022
1276,0,28,1,11,0.022,5,1,8,-0.108
1277,0,28,1,8,-0.108,5,1,11,0.022
1278,0,28,1,8,-0.108,5,1,8,-0.108
1279,0,28,1,8,-0.108,5,1,8,-0.108
1280,0,28,1,8,-0.108,5,1,8,-0.108
1281,0,28,1,8,-0.108,5,1,8,-0.108
1282,0,28,1,11,0.022,5,1,8,-0.108
1283,0,28,1,8,-0.108,5,1,11,0.022
1284,0,28,1,8,-0.108,5,1,8,0.122
1285,0,28,1,8,0.122,5,1,8,-0.108
1286,0,28,1,8,0.122,5,1,8,-0.108
1287,0,28,1,8,-0.108,5,1,8,0.122
1288,0,28,1,8,-0.108,5,1,8,-0.108
1289,0,28,1,8,-0.108,5,1,8,-0.108
1290,0,28,1,8,-0.108,5,1,11,0.022
1291,0,28,1,11,0.022,5,1,8,-0.108
1292,0,28,1,8,0.122,0,1,5,-0.178
1293,0,28,1,5,-0.178,0,1,8,0.122
1294,0,28,1,5,-0.178,1,1,5,-0.178
1295,0,28,1,5,-0.178,1,1,5,-0.178
1296,0,28,1,5,-0.178,0,1,3,0.122
1297,0,28,1,3,0.122,0,1,5,-0.178
1298,0,28,1,3,0.122,0,1,3,0.022
1299,0,28,1,3,0.022,0,1,3,0.122
1300,0,28,1,3,0.022,0,1,8,-0.108
1301,0,28,1,8,-0.108,0,1,3,0.022
1302,0,28,1,8,-0.108,0,6,19,0.822
1303,0,28,6,19,0.822,0,1,8,-0.108
1304,0,28,6,19,0.822,1,7,20,-0.378
1305,0,28,7,20,-0.378,1,6,19,0.822
1306,0,28,6,19,0.822,1,7,20,-0.378
1307,0,28,7,20,-0.378,1,6,19,0.822
1308,0,28,1,8,-0.108,0,4,1,0.152
1309,0,28,4,1,0.152,0,1,8,-0.108
1310,0,28,1,8,-0.108,0,4,1,0.152
1311,0,28,4,1,0.152,0,1,8,-0.108
1312,0,28,1,8,-0.108,0,4,1,0.152
1313,0,28,4,1,0.152,0,1,8,-0.108
1314,0,28,1,8,-0.108,0,4,1,0.152
1315,0,28,4,1,0.152,0,1,8,-0.108
1316,0,28,1,8,-0.108,0,4,1,0.152
1317,0,28,4,1,0.152,0,1,8,-0.108
1318,0,28,1,5,-0.178,0,4,1,0.122
1319,0,28,4,1,0.122,0,1,5,-0.178
1320,0,28,1,5,-0.178,0,4,1,0.122
1321,0,28,4,1,0.122,0,1,5,-0.178
1322,0,28,1,3,0.022,4,7,23,-0.628
1323,0,28,7,23,-0.628,4,1,3,0.022
1324,0,28,1,3,0.022,0,4,1,0.072
1325,0,28,4,1,0.072,0,1,3,0.022
1326,0,28,1,3,0.122,3,7,23,-0.628
1327,0,28,7,23,-0.628,3,1,3,0.122
1328,0,28,1,3,0.122,0,4,1,0.072
1329,0,28,4,1,0.072,0,1,3,0.122
1330,0,28,7,23,-0.628,0,4,2,0.422
1331,0,28,4,2,0.422,0,7,23,-0.628
1332,0,28,7,23,-0.628,0,4,2,0.422
1333,0,28,4,2,0.422,0,7,23,-0.628
1334,0,29,1,8,-0.108,5,1,8,-0.108
1335,0,29,1,8,-0.108,5,1,8,-0.108
1336,0,29,1,8,-0.108,5,1,11,0.022
1337,0,29,1,11,0.022,5,1,8,-0.108
1338,0,29,1,11,0.022,5,1,11,0.022
1339,0,29,1,11,0.022,5,1,11,0.022
1340,0,29,1,11,0.022,5,1,8,-0.108
1341,0,29,1,8,-0.108,5,1,11,0.022
1342,0,29,1,8,-0.108,5,1,8,-0.108
1343,0,29,1,8,-0.108,5,1,8,-0.108
1344,0,29,1,8,-0.108,5,1,8,-0.108
1345,0,29,1,8,-0.108,5,1,8,-0.108
1346,0,29,1,11,0.022,5,1,8,-0.108
1347,0,29,1,8,-0.108,5,1,11,0.022
1348,0,29,1,8,-0.108,5,1,8,-0.108
1349,0,29,1,8,-0.108,5,1,8,-0.108
1350,0,29,1,8,-0.108,5,1,8,0.122
1351,0,29,1,8,0.122,5,1,8,-0.108
1352,0,29,1,8,0.122,5,1,8,-0.108
1353,0,29,1,8,-0.108,5,1,8,0.122
1354,0,29,1,8,-0.108,5,1,11,0.022
1355,0,29,1,11,0.022,5,1,8,-0.108
1356,0,29,1,8,-0.108,0,1,3,0.022
1357,0,29,1,3,0.022,0,1,8,-0.108
1358,0,29,1,3,0.022,0,1,3,0.122
1359,0,29,1,3,0.122,0,1,3,0.022
1360,0,29,1,3,0.122,0,1,5,-0.178
1361,0,29,1,5,-0.178,0,1,3,0.122
1362,0,29,1,5,-0.178,1,1,5,-0.178
1363,0,29,1,5,-0.178,1,1,5,-0.178
1364,0,29,1,5,-0.178,0,1,8,0.122
1365,0,29,1,8,0.122,0,1,5,-0.178
1366,0,29,1,8,-0.108,0,6,19,0.822
1367,0,29,6,19,0.822,0,1,8,-0.108
1368,0,29,6,19,0.822,1,7,20,-0.378
1369,0,29,7,20,-0.378,1,6,19,0.822
1370,0,29,6,19,0.822,1,7,20,-0.378
1371,0,29,7,20,-0.378,1,6,19,0.822
1372,0,29,1,8,-0.108,0,4,1,0.152
1373,0,29,4,1,0.152,0,1,8,-0.108
1374,0,29,1,8,-0.108,0,4,1,0.152
1375,0,29,4,1,0.152,0,1,8,-0.108
1376,0,29,1,8,-0.108,0,4,1,0.152
1377,0,29,4,1,0.152,0,1,8,-0.108
1378,0,29,1,8,-0.108,0,4,1,0.152
1379,0,29,4,1,0.152,0,1,8,-0.108
1380,0,29,1,8,-0.108,0,4,1,0.152
1381,0,29,4,1,0.152,0,1,8,-0.108
1382,0,29,1,5,-0.178,0,4,1,0.122
1383,0,29,4,1,0.122,0,1,5,-0.178
1384,0,29,1,5,-0.178,0,4,1,0.122
1385,0,29,4,1,0.122,0,1,5,-0.178
1386,0,29,1,3,0.122,4,7,23,-0.628
1387,0,29,7,23,-0.628,4,1,3,0.122
1388,0,29,1,3,0.122,0,4,1,0.072
1389,0,29,4,1,0.072,0,1,3,0.122
1390,0,29,1,3,0.022,3,7,23,-0.628
1391,0,29,7,23,-0.628,3,1,3,0.022
1392,0,29,1,3,0.022,0,4,1,0.072
1393,0,29,4,1,0.072,0,1,3,0.022
1394,0,29,7,23,-0.628,0,4,2,0.422
1395,0,29,4,2,0.422,0,7,23,-0.628
1396,0,29,7,23,-0.628,0,4,2,0.422
1397,0,29,4,2,0.422,0,7,23,-0.628
1398,0,30,1,3,-0.091,0,1,3,-0.091
1399,0,30,1,3,-0.091,0,1,3,-0.091
1400,0,30,1,3,-0.091,0,1,8,0.009
1401,0,30,1,8,0.009,0,1,3,-0.091
1402,0,30,1,8,0.009,5,1,8,0.009
1403,0,30,1,8,0.009,5,1,8,0.009
1404,0,30,1,8,0.009,0,1,3,-0.091
1405,0,30,1,3,-0.091,0,1,8,0.009
1406,0,30,1,3,-0.091,0,1,3,-0.091
1407,0,30,1,3,-0.091,0,1,3,-0.091
1408,0,30,1,3,-0.091,0,1,3,-0.091
1409,0,30,1,3,-0.091,0,1,3,-0.091
1410,0,30,1,8,0.009,5,1,8,-0.122
1411,0,30,1,8,-0.122,5,1,8,0.009
1412,0,30,1,8,-0.122,5,1,11,0.009
1413,0,30,1,11,0.009,5,1,8,-0.122
1414,0,30,1,11,0.009,5,1,11,-0.091
1415,0,30,1,11,-0.091,5,1,11,0.009
1416,0,30,1,11,-0.091,5,1,11,0.009
1417,0,30,1,11,0.009,5,1,11,-0.091
1418,0,30,1,11,0.009,5,1,8,0.009
1419,0,30,1,8,0.009,5,1,11,0.009
1420,0,30,1,11,0.009,5,1,8,-0.121
1421,0,30,1,8,-0.121,5,1,11,0.009
1422,0,30,1,8,-0.121,5,1,8,-0.122
1423,0,30,1,8,-0.122,5,1,8,-0.121
1424,0,30,1,8,-0.122,5,1,11,0.009
1425,0,30,1,11,0.009,5,1,8,-0.122
1426,0,30,1,11,0.009,5,1,11,-0.091
1427,0,30,1,11,-0.091,5,1,11,0.009
1428,0,30,1,11,-0.091,5,1,11,-0.091
1429,0,30,1,11,-0.091,5,1,11,-0.091
1430,0,30,1,11,-0.091,5,1,11,0.009
1431,0,30,1,11,0.009,5,1,11,-0.091
1432,0,30,1,11,0.009,5,1,8,-0.121
1433,0,30,1,8,-0.121,5,1,11,0.009
1434,0,30,1,8,-0.121,5,1,8,-0.121
1435,0,30,1,8,-0.121,5,1,8,-0.121
1436,0,30,1,8,-0.121,5,1,11,0.009
1437,0,30,1,11,0.009,5,1,8,-0.121
1438,0,30,1,11,0.009,5,1,8,-0.121
1439,0,30,1,8,-0.121,5,1,11,0.009
1440,0,30,1,8,-0.121,5,1,8,-0.121
1441,0,30,1,8,-0.121,5,1,8,-0.121
1442,0,30,1,8,-0.121,5,1,8,-0.121
1443,0,30,1,8,-0.121,5,1,8,-0.121
1444,0,30,1,8,-0.121,5,1,11,0.009
1445,0,30,1,11,0.009,5,1,8,-0.121
1446,0,30,1,8,-0.122,0,6,19,0.808
1447,0,30,6,19,0.808,0,1,8,-0.122
1448,0,30,6,19,0.808,1,7,20,-0.392
1449,0,30,7,20,-0.392,1,6,19,0.808
1450,0,30,6,19,0.808,1,7,20,-0.392
1451,0,30,7,20,-0.392,1,6,19,0.808
1452,0,30,1,3,-0.091,0,4,1,0.059
1453,0,30,4,1,0.059,0,1,3,-0.091
1454,0,30,1,3,-0.091,0,4,1,0.059
1455,0,30,4,1,0.059,0,1,3,-0.091
1456,0,30,1,3,-0.091,0,4,1,0.059
1457,0,30,4,1,0.059,0,1,3,-0.091
1458,0,30,1,3,-0.091,0,4,1,0.059
1459,0,30,4,1,0.059,0,1,3,-0.091
1460,0,30,1,8,-0.121,0,4,1,0.138
1461,0,30,4,1,0.138,0,1,8,-0.121
1462,0,30,1,8,-0.122,0,4,1,0.138
1463,0,30,4,1,0.138,0,1,8,-0.122
1464,0,30,1,8,-0.121,0,4,1,0.138
1465,0,30,4,1,0.138,0,1,8,-0.121
1466,0,30,1,8,-0.121,0,4,1,0.138
1467,0,30,4,1,0.138,0,1,8,-0.121
1468,0,30,1,8,-0.121,0,4,1,0.138
1469,0,30,4,1,0.138,0,1,8,-0.121
1470,0,30,1,8,-0.121,0,4,1,0.138
1471,0,30,4,1,0.138,0,1,8,-0.121
1472,0,30,1,8,-0.121,0,4,1,0.138
1473,0,30,4,1,0.138,0,1,8,-0.121
1474,0,30,1,3,-0.091,0,4,1,0.059
1475,0,30,4,1,0.059,0,1,3,-0.091
1476,0,30,1,3,-0.091,0,4,1,0.059
1477,0,30,4,1,0.059,0,1,3,-0.091
1478,0,30,1,3,-0.091,0,4,1,0.059
1479,0,30,4,1,0.059,0,1,3,-0.091
1480,0,30,1,3,-0.091,0,4,1,0.059
1481,0,30,4,1,0.059,0,1,3,-0.091
1482,0,31,1,3,0.124,0,1,3,0.024
1483,0,31,1,3,0.024,0,1,3,0.124
1484,0,31,1,3,0.024,0,1,8,-0.106
1485,0,31,1,8,-0.106,0,1,3,0.024
1486,0,31,1,8,-0.106,5,1,8,0.124
1487,0,31,1,8,0.124,5,1,8,-0.106
1488,0,31,1,8,0.124,0,1,5,-0.176
1489,0,31,1,5,-0.176,0,1,8,0.124
1490,0,31,1,5,-0.176,1,1,5,-0.176
1491,0,31,1,5,-0.176,1,1,5,-0.176
1492,0,31,1,5,-0.176,0,1,3,0.124
1493,0,31,1,3,0.124,0,1,5,-0.176
1494,0,31,1,8,-0.106,5,1,8,-0.106
1495,0,31,1,8,-0.106,5,1,8,-0.106
1496,0,31,1,8,-0.106,5,1,11,0.024
1497,0,31,1,11,0.024,5,1,8,-0.106
1498,0,31,1,11,0.024,5,1,34,-0.076
1499,0,31,1,34,-0.076,5,1,11,0.024
1500,0,31,1,34,-0.076,5,1,8,-0.106
1501,0,31,1,8,-0.106,5,1,34,-0.076
1502,0,31,1,8,-0.106,5,1,8,0.124
1503,0,31,1,8,0.124,5,1,8,-0.106
1504,0,31,1,11,0.024,5,1,8,-0.106
1505,0,31,1,8,-0.106,5,1,11,0.024
1506,0,31,1,8,-0.106,5,1,8,-0.106
1507,0,31,1,8,-0.106,5,1,8,-0.106
1508,0,31,1,8,-0.106,5,1,11,0.024
1509,0,31,1,11,0.024,5,1,8,-0.106
1510,0,31,1,11,0.024,5,1,34,-0.076
1511,0,31,1,34,-0.076,5,1,11,0.024
1512,0,31,1,34,-0.076,5,1,34,-0.076
1513,0,31,1,34,-0.076,5,1,34,-0.076
1514,0,31,1,11,0.024,5,1,8,-0.106
1515,0,31,1,8,-0.106,5,1,11,0.024
1516,0,31,1,8,-0.106,5,1,8,-0.106
1517,0,31,1,8,-0.106,5,1,8,-0.106
1518,0,31,1,8,-0.106,5,1,8,-0.106
1519,0,31,1,8,-0.106,5,1,8,-0.106
1520,0,31,1,8,-0.106,5,1,8,-0.106
1521,0,31,1,8,-0.106,5,1,8,-0.106
1522,0,31,1,8,-0.106,5,1,34,-0.076
1523,0,31,1,34,-0.076,5,1,8,-0.106
1524,0,31,1,8,-0.106,0,6,19,0.823
1525,0,31,6,19,0.823,0,1,8,-0.106
1526,0,31,6,19,0.823,1,7,20,-0.376
1527,0,31,7,20,-0.376,1,6,19,0.823
1528,0,31,6,19,0.823,1,7,20,-0.376
1529,0,31,7,20,-0.376,1,6,19,0.823
1530,0,31,1,8,-0.106,0,4,1,0.154
1531,0,31,4,1,0.154,0,1,8,-0.106
1532,0,31,1,8,-0.106,0,4,1,0.154
1533,0,31,4,1,0.154,0,1,8,-0.106
1534,0,31,1,8,-0.106,0,4,1,0.154
1535,0,31,4,1,0.154,0,1,8,-0.106
1536,0,31,1,8,-0.106,0,4,1,0.154
1537,0,31,4,1,0.154,0,1,8,-0.106
1538,0,31,1,8,-0.106,0,4,1,0.154
1539,0,31,4,1,0.154,0,1,8,-0.106
1540,0,31,1,8,-0.106,0,4,1,0.154
1541,0,31,4,1,0.154,0,1,8,-0.106
1542,0,31,1,8,-0.106,0,4,1,0.154
1543,0,31,4,1,0.154,0,1,8,-0.106
1544,0,31,1,5,-0.176,0,4,1,0.124
1545,0,31,4,1,0.124,0,1,5,-0.176
1546,0,31,1,5,-0.176,0,4,1,0.124
1547,0,31,4,1,0.124,0,1,5,-0.176
1548,0,31,1,3,0.124,4,7,23,-0.627
1549,0,31,7,23,-0.627,4,1,3,0.124
1550,0,31,1,3,0.124,0,4,1,0.074
1551,0,31,4,1,0.074,0,1,3,0.124
1552,0,31,1,3,0.024,3,7,23,-0.627
1553,0,31,7,23,-0.627,3,1,3,0.024
1554,0,31,1,3,0.024,0,4,1,0.074
1555,0,31,4,1,0.074,0,1,3,0.024
1556,0,31,7,23,-0.627,0,4,2,0.423
1557,0,31,4,2,0.423,0,7,23,-0.627
1558,0,31,7,23,-0.627,0,4,2,0.424
1559,0,31,4,2,0.424,0,7,23,-0.627
1560,0,32,1,8,-0.112,5,1,8,-0.112
1561,0,32,1,8,-0.112,5,1,8,-0.112
1562,0,32,1,8,-0.112,5,1,11,0.018
1563,0,32,1,11,0.018,5,1,8,-0.112
1564,0,32,1,11,0.018,5,1,11,0.018
1565,0,32,1,11,0.018,5,1,11,0.018
1566,0,32,1,11,0.018,5,1,8,-0.112
1567,0,32,1,8,-0.112,5,1,11,0.018
1568,0,32,1,8,-0.112,5,1,8,-0.112
1569,0,32,1,8,-0.112,5,1,8,-0.112
1570,0,32,1,8,-0.112,5,1,8,-0.112
1571,0,32,1,8,-0.112,5,1,8,-0.112
1572,0,32,1,11,0.018,5,1,8,-0.112
1573,0,32,1,8,-0.112,5,1,11,0.018
1574,0,32,1,8,-0.112,5,1,11,0.018
1575,0,32,1,11,0.018,5,1,8,-0.112
1576,0,32,1,11,0.018,5,1,11,0.018
1577,0,32,1,11,0.018,5,1,11,0.018
1578,0,32,1,11,0.018,5,1,8,-0.112
1579,0,32,1,8,-0.112,5,1,11,0.018
1580,0,32,1,8,-0.112,5,1,11,0.018
1581,0,32,1,11,0.018,5,1,8,-0.112
1582,0,32,1,11,0.018,5,1,8,-0.112
1583,0,32,1,8,-0.112,5,1,11,0.018
1584,0,32,1,8,-0.112,5,1,8,-0.112
1585,0,32,1,8,-0.112,5,1,8,-0.112
1586,0,32,1,8,-0.112,5,1,8,-0.112
1587,0,32,1,8,-0.112,5,1,8,-0.112
1588,0,32,1,8,-0.112,5,1,8,0.118
1589,0,32,1,8,0.118,5,1,8,-0.112
1590,0,32,1,8,0.118,5,1,11,0.018
1591,0,32,1,11,0.018,5,1,8,0.118
1592,0,32,1,8,-0.112,0,1,3,0.018
1593,0,32,1,3,0.018,0,1,8,-0.112
1594,0,32,1,3,0.018,0,1,3,0.118
1595,0,32,1,3,0.118,0,1,3,0.018
1596,0,32,1,3,0.118,0,1,5,-0.181
1597,0,32,1,5,-0.181,0,1,3,0.118
1598,0,32,1,5,-0.181,1,1,5,-0.181
1599,0,32,1,5,-0.181,1,1,5,-0.181
1600,0,32,1,5,-0.181,0,1,8,0.118
1601,0,32,1,8,0.118,0,1,5,-0.181
1602,0,32,1,8,-0.112,0,6,19,0.819
1603,0,32,6,19,0.819,0,1,8,-0.112
1604,0,32,6,19,0.819,1,7,20,-0.381
1605,0,32,7,20,-0.381,1,6,19,0.819
1606,0,32,6,19,0.819,1,7,20,-0.381
1607,0,32,7,20,-0.381,1,6,19,0.819
1608,0,32,1,8,-0.112,0,4,1,0.148
1609,0,32,4,1,0.148,0,1,8,-0.112
1610,0,32,1,8,-0.112,0,4,1,0.148
1611,0,32,4,1,0.148,0,1,8,-0.112
1612,0,32,1,8,-0.112,0,4,1,0.149
1613,0,32,4,1,0.149,0,1,8,-0.112
1614,0,32,1,8,-0.112,0,4,1,0.149
1615,0,32,4,1,0.149,0,1,8,-0.112
1616,0,32,1,8,-0.112,0,4,1,0.149
1617,0,32,4,1,0.149,0,1,8,-0.112
1618,0,32,1,8,-0.112,0,4,1,0.148
1619,0,32,4,1,0.148,0,1,8,-0.112
1620,0,32,1,8,-0.112,0,4,1,0.148
1621,0,32,4,1,0.148,0,1,8,-0.112
1622,0,32,1,3,0.118,4,7,23,-0.631
1623,0,32,7,23,-0.631,4,1,3,0.118
1624,0,32,1,3,0.118,0,4,1,0.068
1625,0,32,4,1,0.068,0,1,3,0.118
1626,0,32,1,3,0.018,3,7,23,-0.631
1627,0,32,7,23,-0.631,3,1,3,0.018
1628,0,32,1,3,0.018,0,4,1,0.068
1629,0,32,4,1,0.068,0,1,3,0.018
1630,0,32,7,23,-0.631,0,4,2,0.419
1631,0,32,4,2,0.419,0,7,23,-0.631
1632,0,32,7,23,-0.631,0,4,2,0.419
1633,0,32,4,2,0.419,0,7,23,-0.631
1634,0,32,1,5,-0.181,0,4,1,0.118
1635,0,32,4,1,0.118,0,1,5,-0.181
1636,0,32,1,5,-0.181,0,4,1,0.118
1637,0,32,4,1,0.118,0,1,5,-0.181
1638,0,33,1,33,0.004,0,1,33,0.004
1639,0,33,1,33,0.004,0,1,33,0.004
1640,0,33,1,33,0.004,5,1,13,0.004
1641,0,33,1,13,0.004,5,1,33,0.004
1642,0,33,1,13,0.004,0,1,33,0.004
1643,0,33,1,33,0.004,0,1,13,0.004
1644,0,33,1,33,0.004,5,1,13,0.004
1645,0,33,1,13,0.004,5,1,33,0.004
1646,0,33,1,13,0.004,0,1,13,0.004
1647,0,33,1,13,0.004,0,1,13,0.004
1648,0,33,1,13,0.004,5,1,33,0.004
1649,0,33,1,33,0.004,5,1,13,0.004
1650,0,33,1,33,0.004,5,1,8,-0.126
1651,0,33,1,8,-0.126,5,1,33,0.004
1652,0,33,1,8,-0.126,5,1,8,-0.126
1653,0,33,1,8,-0.126,5,1,8,-0.126
1654,0,33,1,8,-0.126,5,1,8,-0.126
1655,0,33,1,8,-0.126,5,1,8,-0.126
1656,0,33,1,8,-0.126,5,1,8,-0.126
1657,0,33,1,8,-0.126,5,1,8,-0.126
1658,0,33,1,8,-0.126,5,1,13,0.004
1659,0,33,1,13,0.004,5,1,8,-0.126
1660,0,33,1,8,-0.126,0,4,1,0.134
1661,0,33,4,1,0.134,0,1,8,-0.126
1662,0,33,1,8,-0.126,0,4,1,0.134
1663,0,33,4,1,0.134,0,1,8,-0.126
1664,0,33,1,8,-0.126,0,4,1,0.134
1665,0,33,4,1,0.134,0,1,8,-0.126
1666,0,33,1,13,0.004,5,1,8,-0.126
1667,0,33,1,8,-0.126,5,1,13,0.004
1668,0,33,1,8,-0.126,5,1,8,-0.126
1669,0,33,1,8,-0.126,5,1,8,-0.126
1670,0,33,1,8,-0.126,5,1,8,-0.126
1671,0,33,1,8,-0.126,5,1,8,-0.126
1672,0,33,1,8,-0.126,5,1,8,-0.126
1673,0,33,1,8,-0.126,5,1,8,-0.126
1674,0,33,1,8,-0.126,5,1,33,0.004
1675,0,33,1,33,0.004,5,1,8,-0.126
1676,0,33,1,8,-0.126,0,4,1,0.134
1677,0,33,4,1,0.134,0,1,8,-0.126
1678,0,33,1,8,-0.126,0,4,1,0.134
1679,0,33,4,1,0.134,0,1,8,-0.126
1680,0,33,1,8,-0.126,0,4,1,0.134
1681,0,33,4,1,0.134,0,1,8,-0.126
1682,0,33,1,8,-0.126,0,4,1,0.134
1683,0,33,4,1,0.134,0,1,8,-0.126
1684,0,33,1,33,0.004,5,1,8,-0.126
1685,0,33,1,8,-0.126,5,1,33,0.004
1686,0,33,1,8,-0.126,5,1,8,-0.126
1687,0,33,1,8,-0.126,5,1,8,-0.126
1688,0,33,1,8,-0.126,5,1,8,-0.126
1689,0,33,1,8,-0.126,5,1,8,-0.126
1690,0,33,1,8,-0.126,5,1,8,-0.126
1691,0,33,1,8,-0.126,5,1,8,-0.126
1692,0,33,1,8,-0.126,5,1,13,0.004
1693,0,33,1,13,0.004,5,1,8,-0.126
1694,0,33,1,8,-0.126,0,4,1,0.134
1695,0,33,4,1,0.134,0,1,8,-0.126
1696,0,33,1,8,-0.126,0,4,1,0.134
1697,0,33,4,1,0.134,0,1,8,-0.126
1698,0,33,1,8,-0.126,0,4,1,0.134
1699,0,33,4,1,0.134,0,1,8,-0.126
1700,0,33,1,8,-0.126,0,4,1,0.134
1701,0,33,4,1,0.134,0,1,8,-0.126
1702,0,33,1,8,-0.126,0,6,19,0.805
1703,0,33,6,19,0.805,0,1,8,-0.126
1704,0,33,6,19,0.805,1,7,20,-0.395
1705,0,33,7,20,-0.395,1,6,19,0.805
1706,0,33,6,19,0.805,1,7,20,-0.396
1707,0,33,7,20,-0.396,1,6,19,0.805
1708,0,34,1,3,-0.083,0,1,3,0.017
1709,0,34,1,3,0.017,0,1,3,-0.083
1710,0,34,1,3,0.017,0,1,8,-0.113
1711,0,34,1,8,-0.113,0,1,3,0.017
1712,0,34,1,8,-0.113,5,1,8,0.017
1713,0,34,1,8,0.017,5,1,8,-0.113
1714,0,34,1,8,0.017,0,1,3,-0.083
1715,0,34,1,3,-0.083,0,1,8,0.017
1716,0,34,1,3,-0.083,0,1,3,-0.083
1717,0,34,1,3,-0.083,0,1,3,-0.083
1718,0,34,1,3,-0.083,0,1,3,-0.083
1719,0,34,1,3,-0.083,0,1,3,-0.083
1720,0,34,1,8,-0.113,5,1,8,-0.113
1721,0,34,1,8,-0.113,5,1,8,-0.113
1722,0,34,1,8,-0.113,5,1,11,0.017
1723,0,34,1,11,0.017,5,1,8,-0.113
1724,0,34,1,11,0.017,5,1,11,-0.083
1725,0,34,1,11,-0.083,5,1,11,0.017
1726,0,34,1,11,-0.083,5,1,11,0.017
1727,0,34,1,11,0.017,5,1,11,-0.083
1728,0,34,1,11,0.017,5,1,8,0.017
1729,0,34,1,8,0.017,5,1,11,0.017
1730,0,34,1,11,0.017,5,1,8,-0.113
1731,0,34,1,8,-0.113,5,1,11,0.017
1732,0,34,1,8,-0.113,5,1,8,-0.113
1733,0,34,1,8,-0.113,5,1,8,-0.113
1734,0,34,1,8,-0.113,5,1,11,0.017
1735,0,34,1,11,0.017,5,1,8,-0.113
1736,0,34,1,11,0.017,5,1,11,-0.083
1737,0,34,1,11,-0.083,5,1,11,0.017
1738,0,34,1,11,-0.083,5,1,11,-0.083
1739,0,34,1,11,-0.083,5,1,11,-0.083
1740,0,34,1,11,-0.083,5,1,11,0.017
1741,0,34,1,11,0.017,5,1,11,-0.083
1742,0,34,1,11,0.017,5,1,8,-0.113
1743,0,34,1,8,-0.113,5,1,11,0.017
1744,0,34,1,8,-0.113,5,1,8,-0.113
1745,0,34,1,8,-0.113,5,1,8,-0.113
1746,0,34,1,8,-0.113,5,1,11,0.017
1747,0,34,1,11,0.017,5,1,8,-0.113
1748,0,34,1,11,0.017,5,1,8,-0.113
1749,0,34,1,8,-0.113,5,1,11,0.017
1750,0,34,1,8,-0.113,5,1,8,-0.113
1751,0,34,1,8,-0.113,5,1,8,-0.113
1752,0,34,1,8,-0.113,5,1,8,-0.113
1753,0,34,1,8,-0.113,5,1,8,-0.113
1754,0,34,1,8,-0.113,5,1,11,0.017
1755,0,34,1,11,0.017,5,1,8,-0.113
1756,0,34,1,8,-0.113,0,6,19,0.816
1757,0,34,6,19,0.816,0,1,8,-0.113
1758,0,34,6,19,0.816,1,7,20,-0.383
1759,0,34,7,20,-0.383,1,6,19,0.816
1760,0,34,6,19,0.816,1,7,20,-0.383
1761,0,34,7,20,-0.383,1,6,19,0.816
1762,0,34,1,3,-0.083,0,4,1,0.067
1763,0,34,4,1,0.067,0,1,3,-0.083
1764,0,34,1,3,-0.083,0,4,1,0.067
1765,0,34,4,1,0.067,0,1,3,-0.083
1766,0,34,1,3,-0.083,0,4,1,0.067
1767,0,34,4,1,0.067,0,1,3,-0.083
1768,0,34,1,3,-0.083,0,4,1,0.067
1769,0,34,4,1,0.067,0,1,3,-0.083
1770,0,34,1,8,-0.113,0,4,1,0.147
1771,0,34,4,1,0.147,0,1,8,-0.113
1772,0,34,1,8,-0.113,0,4,1,0.147
1773,0,34,4,1,0.147,0,1,8,-0.113
1774,0,34,1,8,-0.113,0,4,1,0.147
1775,0,34,4,1,0.147,0,1,8,-0.113
1776,0,34,1,8,-0.113,0,4,1,0.147
1777,0,34,4,1,0.147,0,1,8,-0.113
1778,0,34,1,8,-0.113,0,4,1,0.147
1779,0,34,4,1,0.147,0,1,8,-0.113
1780,0,34,1,8,-0.113,0,4,1,0.147
1781,0,34,4,1,0.147,0,1,8,-0.113
1782,0,34,1,8,-0.113,0,4,1,0.147
1783,0,34,4,1,0.147,0,1,8,-0.113
1784,0,34,1,3,-0.083,0,4,1,0.067
1785,0,34,4,1,0.067,0,1,3,-0.083
1786,0,34,1,3,-0.083,0,4,1,0.067
1787,0,34,4,1,0.067,0,1,3,-0.083
1788,0,34,1,3,0.017,0,7,23,-0.634
1789,0,34,7,23,-0.634,0,1,3,0.017
1790,0,34,1,3,0.017,0,4,1,0.067
1791,0,34,4,1,0.067,0,1,3,0.017
1792,0,34,7,23,-0.634,0,4,2,0.416
1793,0,34,4,2,0.416,0,7,23,-0.634
1794,0,35,1,8,-0.12,5,1,8,-0.12
1795,0,35,1,8,-0.12,5,1,8,-0.12
1796,0,35,1,8,-0.12,5,1,11,0.01
1797,0,35,1,11,0.01,5,1,8,-0.12
1798,0,35,1,11,0.01,5,1,11,0.01
1799,0,35,1,11,0.01,5,1,11,0.01
1800,0,35,1,11,0.01,5,1,8,0.26
1801,0,35,1,8,0.26,5,1,11,0.01
1802,0,35,1,8,0.26,5,1,8,-0.12
1803,0,35,1,8,-0.12,5,1,8,0.26
1804,0,35,1,8,-0.12,5,1,8,-0.12
1805,0,35,1,8,-0.12,5,1,8,-0.12
1806,0,35,1,11,0.01,5,1,8,-0.12
1807,0,35,1,8,-0.12,5,1,11,0.01
1808,0,35,1,8,-0.12,5,1,11,0.01
1809,0,35,1,11,0.01,5,1,8,-0.12
1810,0,35,1,11,0.01,5,1,34,-0.09
1811,0,35,1,34,-0.09,5,1,11,0.01
1812,0,35,1,34,-0.09,5,1,8,-0.12
1813,0,35,1,8,-0.12,5,1,34,-0.09
1814,0,35,1,8,-0.12,5,1,11,0.01
1815,0,35,1,11,0.01,5,1,8,-0.12
1816,0,35,1,11,0.01,5,1,8,-0.12
1817,0,35,1,8,-0.12,5,1,11,0.01
1818,0,35,1,8,-0.12,5,1,8,-0.12
1819,0,35,1,8,-0.12,5,1,8,-0.12
1820,0,35,1,8,-0.12,5,1,11,0.01
1821,0,35,1,11,0.01,5,1,8,-0.12
1822,0,35,1,11,0.01,5,1,34,-0.09
1823,0,35,1,34,-0.09,5,1,11,0.01
1824,0,35,1,34,-0.09,5,1,34,-0.09
1825,0,35,1,34,-0.09,5,1,34,-0.09
1826,0,35,1,11,0.01,5,1,8,-0.12
1827,0,35,1,8,-0.12,5,1,11,0.01
1828,0,35,1,8,-0.12,5,1,8,-0.12
1829,0,35,1,8,-0.12,5,1,8,-0.12
1830,0,35,1,8,-0.12,5,1,8,-0.12
1831,0,35,1,8,-0.12,5,1,8,-0.12
1832,0,35,1,8,-0.12,5,1,8,-0.12
1833,0,35,1,8,-0.12,5,1,8,-0.12
1834,0,35,1,8,-0.12,5,1,34,-0.09
1835,0,35,1,34,-0.09,5,1,8,-0.12
1836,0,35,1,8,0.26,0,7,23,-0.64
1837,0,35,7,23,-0.64,0,1,8,0.26
1838,0,35,1,8,-0.12,0,4,1,0.14
1839,0,35,4,1,0.14,0,1,8,-0.12
1840,0,35,1,8,-0.12,0,4,1,0.14
1841,0,35,4,1,0.14,0,1,8,-0.12
1842,0,35,1,8,-0.12,0,4,1,0.14
1843,0,35,4,1,0.14,0,1,8,-0.12
1844,0,35,1,8,-0.12,0,4,1,0.14
1845,0,35,4,1,0.14,0,1,8,-0.12
1846,0,35,1,8,-0.12,0,4,1,0.14
1847,0,35,4,1,0.14,0,1,8,-0.12
1848,0,35,1,8,-0.12,0,4,1,0.14
1849,0,35,4,1,0.14,0,1,8,-0.12
1850,0,35,1,8,-0.12,0,4,1,0.14
1851,0,35,4,1,0.14,0,1,8,-0.12
1852,0,35,1,8,-0.12,0,4,1,0.14
1853,0,35,4,1,0.14,0,1,8,-0.12
1854,0,35,1,8,-0.12,0,4,1,0.14
1855,0,35,4,1,0.14,0,1,8,-0.12
1856,0,35,1,8,-0.12,0,4,1,0.14
1857,0,35,4,1,0.14,0,1,8,-0.12
1858,0,35,7,23,-0.64,0,4,2,0.41
1859,0,35,4,2,0.41,0,7,23,-0.64
1860,0,35,1,8,-0.12,0,6,19,0.81
1861,0,35,6,19,0.81,0,1,8,-0.12
1862,0,35,6,19,0.81,1,7,20,-0.39
1863,0,35,7,20,-0.39,1,6,19,0.81
1864,0,35,6,19,0.81,1,7,20,-0.39
1865,0,35,7,20,-0.39,1,6,19,0.81
1866,0,36,1,8,-0.127,5,1,8,-0.126
1867,0,36,1,8,-0.126,5,1,8,-0.127
1868,0,36,1,8,-0.126,5,1,8,0.204
1869,0,36,1,8,0.204,5,1,8,-0.126
1870,0,36,1,8,0.204,5,1,8,0.003
1871,0,36,1,8,0.003,5,1,8,0.204
1872,0,36,1,8,0.003,5,1,8,-0.126
1873,0,36,1,8,-0.126,5,1,8,0.003
1874,0,36,1,8,-0.126,5,1,8,-0.126
1875,0,36,1,8,-0.126,5,1,8,-0.126
1876,0,36,1,8,-0.126,5,1,8,-0.127
1877,0,36,1,8,-0.127,5,1,8,-0.126
1878,0,36,1,8,-0.127,0,4,1,0.134
1879,0,36,4,1,0.134,0,1,8,-0.127
1880,0,36,1,8,-0.126,0,4,1,0.134
1881,0,36,4,1,0.134,0,1,8,-0.126
1882,0,36,1,8,-0.126,0,4,1,0.134
1883,0,36,4,1,0.134,0,1,8,-0.126
1884,0,36,1,8,0.204,0,6,15,-0.396
1885,0,36,6,15,-0.396,0,1,8,0.204
1886,0,36,6,15,-0.396,0,1,3,0.003
1887,0,36,1,3,0.003,0,6,15,-0.396
1888,0,36,1,8,0.003,0,1,3,-0.097
1889,0,36,1,3,-0.097,0,1,8,0.003
1890,0,36,1,3,-0.097,0,1,3,0.003
1891,0,36,1,3,0.003,0,1,3,-0.097
1892,0,36,6,15,-0.396,0,1,3,0.003
1893,0,36,1,3,0.003,0,6,15,-0.396
1894,0,36,1,3,0.003,0,4,1,0.053
1895,0,36,4,1,0.053,0,1,3,0.003
1896,0,36,1,3,0.003,0,4,1,0.053
1897,0,36,4,1,0.053,0,1,3,0.003
1898,0,36,1,3,0.003,0,4,1,0.053
1899,0,36,4,1,0.053,0,1,3,0.003
1900,0,36,1,8,-0.126,0,6,19,0.804
1901,0,36,6,19,0.804,0,1,8,-0.126
1902,0,36,6,19,0.804,1,7,20,-0.396
1903,0,36,7,20,-0.396,1,6,19,0.804
1904,0,36,6,19,0.804,1,7,20,-0.396
1905,0,36,7,20,-0.396,1,6,19,0.804
1906,0,36,1,3,-0.097,0,4,1,0.053
1907,0,36,4,1,0.053,0,1,3,-0.097
1908,0,36,1,3,-0.097,0,4,1,0.053
1909,0,36,4,1,0.053,0,1,3,-0.097
1910,0,36,1,3,0.003,0,4,1,0.053
1911,0,36,4,1,0.053,0,1,3,0.003
1912,0,36,1,3,0.003,0,4,1,0.053
1913,0,36,4,1,0.053,0,1,3,0.003
1914,0,37,1,8,-0.149,5,1,8,-0.149
1915,0,37,1,8,-0.149,5,1,8,-0.149
1916,0,37,1,8,-0.149,5,1,10,0.281
1917,0,37,1,10,0.281,5,1,8,-0.149
1918,0,37,1,10,0.281,5,1,10,0.081
1919,0,37,1,10,0.081,5,1,10,0.281
1920,0,37,1,10,0.081,5,1,8,-0.149
1921,0,37,1,8,-0.149,5,1,10,0.081
1922,0,37,1,8,-0.149,5,1,8,-0.149
1923,0,37,1,8,-0.149,5,1,8,-0.149
1924,0,37,1,8,-0.149,5,1,8,-0.149
1925,0,37,1,8,-0.149,5,1,8,-0.149
1926,0,37,1,10,0.281,5,6,16,-0.559
1927,0,37,6,16,-0.559,5,1,10,0.281
1928,0,37,6,16,-0.559,5,1,7,0.151
1929,0,37,1,7,0.151,5,6,16,-0.559
1930,0,37,1,10,0.081,5,1,7,-0.119
1931,0,37,1,7,-0.119,5,1,10,0.081
1932,0,37,1,7,-0.119,5,1,7,0.151
1933,0,37,1,7,0.151,5,1,7,-0.119
1934,0,37,6,16,-0.559,0,1,3,0.231
1935,0,37,1,3,0.231,0,6,16,-0.559
1936,0,37,1,8,-0.149,0,6,19,0.78
1937,0,37,6,19,0.78,0,1,8,-0.149
1938,0,37,6,19,0.78,1,7,20,-0.419
1939,0,37,7,20,-0.419,1,6,19,0.78
1940,0,37,6,19,0.78,1,7,20,-0.419
1941,0,37,7,20,-0.419,1,6,19,0.78
1942,0,37,1,8,-0.149,0,4,1,0.111
1943,0,37,4,1,0.111,0,1,8,-0.149
1944,0,37,1,8,-0.149,0,4,1,0.111
1945,0,37,4,1,0.111,0,1,8,-0.149
1946,0,37,1,8,-0.149,0,4,1,0.081
1947,0,37,4,1,0.081,0,1,8,-0.149
1948,0,37,1,7,0.151,0,4,1,0.111
1949,0,37,4,1,0.111,0,1,7,0.151
1950,0,37,1,7,-0.119,0,4,1,0.081
1951,0,37,4,1,0.081,0,1,7,-0.119
1952,0,37,1,3,0.231,0,4,1,0.031
1953,0,37,4,1,0.031,0,1,3,0.231
1954,0,37,1,3,0.231,0,4,1,0.031
1955,0,37,4,1,0.031,0,1,3,0.231
1956,0,37,1,3,0.231,0,4,1,0.031
1957,0,37,4,1,0.031,0,1,3,0.231
1958,0,38,1,8,-0.121,5,1,8,-0.121
1959,0,38,1,8,-0.121,5,1,8,-0.121
1960,0,38,1,8,-0.121,5,1,8,-0.121
1961,0,38,1,8,-0.121,5,1,8,-0.121
1962,0,38,1,8,-0.121,5,1,8,-0.121
1963,0,38,1,8,-0.121,5,1,8,-0.121
1964,0,38,1,8,-0.121,5,1,8,-0.121
1965,0,38,1,8,-0.121,5,1,8,-0.121
1966,0,38,1,8,-0.121,5,1,8,-0.121
1967,0,38,1,8,-0.121,5,1,8,-0.121
1968,0,38,1,8,-0.121,5,1,8,-0.121
1969,0,38,1,8,-0.121,5,1,8,-0.121
1970,0,38,1,8,-0.121,0,4,1,0.139
1971,0,38,4,1,0.139,0,1,8,-0.121
1972,0,38,1,8,-0.121,0,4,1,0.139
1973,0,38,4,1,0.139,0,1,8,-0.121
1974,0,38,1,8,-0.121,0,4,1,0.139
1975,0,38,4,1,0.139,0,1,8,-0.121
1976,0,38,1,8,-0.121,0,4,1,0.139
1977,0,38,4,1,0.139,0,1,8,-0.121
1978,0,38,1,8,-0.121,0,4,1,0.14
1979,0,38,4,1,0.14,0,1,8,-0.121
1980,0,38,1,8,-0.121,0,6,19,0.81
1981,0,38,6,19,0.81,0,1,8,-0.121
1982,0,38,6,19,0.81,1,7,20,-0.39
1983,0,38,7,20,-0.39,1,6,19,0.81
1984,0,38,6,19,0.81,1,7,20,-0.39
1985,0,38,7,20,-0.39,1,6,19,0.81
1986,0,39,1,8,-0.149,5,1,8,-0.149
1987,0,39,1,8,-0.149,5,1,8,-0.149
1988,0,39,1,8,-0.149,5,1,10,0.281
1989,0,39,1,10,0.281,5,1,8,-0.149
1990,0,39,1,10,0.281,5,1,10,0.081
1991,0,39,1,10,0.081,5,1,10,0.281
1992,0,39,1,10,0.081,5,1,8,-0.149
1993,0,39,1,8,-0.149,5,1,10,0.081
1994,0,39,1,8,-0.149,5,1,8,-0.149
1995,0,39,1,8,-0.149,5,1,8,-0.149
1996,0,39,1,8,-0.149,5,1,8,-0.149
1997,0,39,1,8,-0.149,5,1,8,-0.149
1998,0,39,1,10,0.281,5,6,16,-0.559
1999,0,39,6,16,-0.559,5,1,10,0.281
2000,0,39,6,16,-0.559,5,1,7,0.151
2001,0,39,1,7,0.151,5,6,16,-0.559
2002,0,39,1,10,0.081,5,1,7,-0.119
2003,0,39,1,7,-0.119,5,1,10,0.081
2004,0,39,1,7,-0.119,5,1,7,0.151
2005,0,39,1,7,0.151,5,1,7,-0.119
2006,0,39,6,16,-0.559,0,1,3,0.231
2007,0,39,1,3,0.231,0,6,16,-0.559
2008,0,39,1,8,-0.149,0,6,19,0.78
2009,0,39,6,19,0.78,0,1,8,-0.149
2010,0,39,6,19,0.78,1,7,20,-0.419
2011,0,39,7,20,-0.419,1,6,19,0.78
2012,0,39,6,19,0.78,1,7,20,-0.419
2013,0,39,7,20,-0.419,1,6,19,0.78
2014,0,39,1,8,-0.149,0,4,1,0.111
2015,0,39,4,1,0.111,0,1,8,-0.149
2016,0,39,1,8,-0.149,0,4,1,0.081
2017,0,39,4,1,0.081,0,1,8,-0.149
2018,0,39,1,8,-0.149,0,4,1,0.111
2019,0,39,4,1,0.111,0,1,8,-0.149
2020,0,39,1,7,0.151,0,4,1,0.111
2021,0,39,4,1,0.111,0,1,7,0.151
2022,0,39,1,7,-0.119,0,4,1,0.081
2023,0,39,4,1,0.081,0,1,7,-0.119
2024,0,39,1,3,0.231,0,4,1,0.031
2025,0,39,4,1,0.031,0,1,3,0.231
2026,0,39,1,3,0.231,0,4,1,0.031
2027,0,39,4,1,0.031,0,1,3,0.231
2028,0,39,1,3,0.231,0,4,1,0.031
2029,0,39,4,1,0.031,0,1,3,0.231
2030,0,40,1,8,-0.139,5,1,8,-0.139
2031,0,40,1,8,-0.139,5,1,8,-0.139
2032,0,40,1,8,-0.139,5,1,10,-0.049
2033,0,40,1,10,-0.049,5,1,8,-0.139
2034,0,40,1,10,-0.049,5,1,10,0.091
2035,0,40,1,10,0.091,5,1,10,-0.049
2036,0,40,1,10,0.091,5,1,8,-0.14
2037,0,40,1,8,-0.14,5,1,10,0.091
2038,0,40,1,8,-0.14,5,1,8,-0.14
2039,0,40,1,8,-0.14,5,1,8,-0.14
2040,0,40,1,8,-0.14,5,1,8,-0.139
2041,0,40,1,8,-0.139,5,1,8,-0.14
2042,0,40,1,10,-0.049,5,6,16,-0.37
2043,0,40,6,16,-0.37,5,1,10,-0.049
2044,0,40,6,16,-0.37,5,1,7,0.16
2045,0,40,1,7,0.16,5,6,16,-0.37
2046,0,40,1,10,0.091,5,1,7,-0.109
2047,0,40,1,7,-0.109,5,1,10,0.091
2048,0,40,1,7,-0.109,5,1,7,0.16
2049,0,40,1,7,0.16,5,1,7,-0.109
2050,0,40,1,8,-0.14,0,6,19,0.79
2051,0,40,6,19,0.79,0,1,8,-0.14
2052,0,40,6,19,0.79,1,7,20,-0.41
2053,0,40,7,20,-0.41,1,6,19,0.79
2054,0,40,6,19,0.79,1,7,20,-0.41
2055,0,40,7,20,-0.41,1,6,19,0.79
2056,0,40,1,8,-0.139,0,4,1,0.121
2057,0,40,4,1,0.121,0,1,8,-0.139
2058,0,40,1,8,-0.139,0,4,1,0.121
2059,0,40,4,1,0.121,0,1,8,-0.139
2060,0,40,1,8,-0.14,0,4,1,0.121
2061,0,40,4,1,0.121,0,1,8,-0.14
2062,0,40,1,7,0.16,0,4,1,0.121
2063,0,40,4,1,0.121,0,1,7,0.16
2064,0,40,1,7,-0.109,0,4,1,0.091
2065,0,40,4,1,0.091,0,1,7,-0.109
2066,0,40,6,16,-0.37,0,4,0,0.29
2067,0,40,4,0,0.29,0,6,16,-0.37
2068,0,41,1,8,-0.115,5,1,8,-0.115
2069,0,41,1,8,-0.115,5,1,8,-0.115
2070,0,41,1,8,-0.115,5,1,10,0.315
2071,0,41,1,10,0.315,5,1,8,-0.115
2072,0,41,1,10,0.315,5,1,10,0.115
2073,0,41,1,10,0.115,5,1,10,0.315
2074,0,41,1,10,0.115,5,1,8,-0.115
2075,0,41,1,8,-0.115,5,1,10,0.115
2076,0,41,1,8,-0.115,5,1,8,-0.115
2077,0,41,1,8,-0.115,5,1,8,-0.115
2078,0,41,1,8,-0.115,5,1,8,-0.115
2079,0,41,1,8,-0.115,5,1,8,-0.115
2080,0,41,1,10,0.315,5,6,16,-0.384
2081,0,41,6,16,-0.384,5,1,10,0.315
2082,0,41,6,16,-0.384,5,6,16,-0.384
2083,0,41,6,16,-0.384,5,6,16,-0.384
2084,0,41,1,10,0.115,5,1,7,-0.115
2085,0,41,1,7,-0.115,5,1,10,0.115
2086,0,41,1,7,-0.115,5,6,16,-0.384
2087,0,41,6,16,-0.384,5,1,7,-0.115
2088,0,41,1,8,-0.115,0,6,19,0.816
2089,0,41,6,19,0.816,0,1,8,-0.115
2090,0,41,6,19,0.816,1,7,20,-0.384
2091,0,41,7,20,-0.384,1,6,19,0.816
2092,0,41,6,19,0.816,1,7,20,-0.384
2093,0,41,7,20,-0.384,1,6,19,0.816
2094,0,41,6,16,-0.384,0,4,0,0.315
2095,0,41,4,0,0.315,0,6,16,-0.384
2096,0,41,1,8,-0.115,0,4,1,0.145
2097,0,41,4,1,0.145,0,1,8,-0.115
2098,0,41,1,8,-0.115,0,4,1,0.145
2099,0,41,4,1,0.145,0,1,8,-0.115
2100,0,41,1,8,-0.115,0,4,1,0.115
2101,0,41,4,1,0.115,0,1,8,-0.115
2102,0,41,1,7,-0.115,0,4,1,0.145
2103,0,41,4,1,0.145,0,1,7,-0.115
2104,0,42,1,8,-0.121,5,1,8,-0.121
2105,0,42,1,8,-0.121,5,1,8,-0.121
2106,0,42,1,8,-0.121,5,1,8,-0.121
2107,0,42,1,8,-0.121,5,1,8,-0.121
2108,0,42,1,8,-0.121,5,1,8,0.31
2109,0,42,1,8,0.31,5,1,8,-0.121
2110,0,42,1,8,0.31,5,1,8,-0.121
2111,0,42,1,8,-0.121,5,1,8,0.31
2112,0,42,1,8,-0.121,5,1,8,-0.121
2113,0,42,1,8,-0.121,5,1,8,-0.121
2114,0,42,1,8,-0.121,5,1,8,-0.121
2115,0,42,1,8,-0.121,5,1,8,-0.121
2116,0,42,1,8,-0.121,0,4,1,0.139
2117,0,42,4,1,0.139,0,1,8,-0.121
2118,0,42,1,8,-0.121,0,4,1,0.139
2119,0,42,4,1,0.139,0,1,8,-0.121
2120,0,42,1,8,-0.121,0,4,1,0.139
2121,0,42,4,1,0.139,0,1,8,-0.121
2122,0,42,1,8,-0.121,0,4,1,0.139
2123,0,42,4,1,0.139,0,1,8,-0.121
2124,0,42,1,8,-0.121,0,6,19,0.81
2125,0,42,6,19,0.81,0,1,8,-0.121
2126,0,42,1,8,0.31,0,3,29,-0.291
2127,0,42,3,29,-0.291,0,1,8,0.31
2128,0,42,6,19,0.81,1,7,20,-0.39
2129,0,42,7,20,-0.39,1,6,19,0.81
2130,0,42,6,19,0.81,1,7,20,-0.39
2131,0,42,7,20,-0.39,1,6,19,0.81
